season,week,team,player_name,position,report_primary_injury,report_secondary_injury,report_status,practice_status,date_modified
2026,5,ATL,Cameron Thomas,DE,,,,Limited Participation in Practice,
2026,5,ATL,Jake Matthews,T,,,,Did Not Participate In Practice,
2026,5,ATL,Michael Jerrell,T,,,,Limited Participation in Practice,
2026,5,ATL,Yasir Abdullah,LB,,,,Did Not Participate In Practice,
2026,5,ATL,Za'Darius Smith,DE,,,,Did Not Participate In Practice,
2026,5,BAL,Andrew Vorhees,G,,,,Did Not Participate In Practice,
2026,5,BAL,Calais Campbell,DT,,,,Did Not Participate In Practice,
2026,5,BAL,Chris Moore,WR,,,,Limited Participation in Practice,
2026,5,BAL,Durham Smythe,TE,,,,Did Not Participate In Practice,
2026,5,BAL,John Simpson,G,,,,Limited Participation in Practice,
2026,5,BAL,Kyle Hamilton,S,,,,Limited Participation in Practice,
2026,5,BAL,Lamar Jackson,QB,,,,Did Not Participate In Practice,
2026,5,BAL,Mark Andrews,TE,,,,Full Participation in Practice,
2026,5,BAL,Marlon Humphrey,CB,,,,Did Not Participate In Practice,
2026,5,BAL,Rashod Bateman,WR,,,,Limited Participation in Practice,
2026,5,BAL,Ronnie Stanley,T,,,,,
2026,5,BAL,Trey Hendrickson,LB,,,,Did Not Participate In Practice,
2026,5,BAL,Zay Flowers,WR,,,,Limited Participation in Practice,
2026,5,CHI,Caleb Williams,QB,,,,Did Not Participate In Practice,
2026,5,CHI,Cam Lewis,S,,,,Full Participation in Practice,
2026,5,CHI,D'Andre Swift,RB,,,,Did Not Participate In Practice,
2026,5,CHI,Darnell Wright,T,,,,Did Not Participate In Practice,
2026,5,CHI,Grady Jarrett,DT,,,,Did Not Participate In Practice,
2026,5,CHI,Joe Thuney,G,,,,Did Not Participate In Practice,
2026,5,CHI,Jonah Jackson,G,,,,Did Not Participate In Practice,
2026,5,CHI,Keyshaun Elliott,LB,,,,Limited Participation in Practice,
2026,5,CHI,Kyle Monangai,RB,,,,Did Not Participate In Practice,
2026,5,CHI,Kyler Gordon,CB,,,,Full Participation in Practice,
2026,5,CHI,Noah Sewell,LB,,,,Limited Participation in Practice,
2026,5,CHI,Shemar Turner,DE,,,,Limited Participation in Practice,
2026,5,CIN,B.J. Hill,DT,,,,Full Participation in Practice,
2026,5,CIN,Barrett Carter,LB,,,,Limited Participation in Practice,
2026,5,CIN,Bryan Cook,S,,,,Did Not Participate In Practice,
2026,5,CIN,Colbie Young,WR,,,,Limited Participation in Practice,
2026,5,CIN,Dalton Risner,G,,,,Limited Participation in Practice,
2026,5,CIN,Dexter Lawrence,DT,,,,Limited Participation in Practice,
2026,5,CIN,Ja'Marr Chase,WR,,,,Did Not Participate In Practice,
2026,5,CIN,Jonathan Allen,DT,,,,Did Not Participate In Practice,
2026,5,CIN,Jordan Battle,S,,,,Limited Participation in Practice,
2026,5,CIN,Kyle Dugger,S,,,,Did Not Participate In Practice,
2026,5,CIN,Swayze Bozeman,LB,,,,Did Not Participate In Practice,
2026,5,CIN,Tee Higgins,WR,,,,Did Not Participate In Practice,
2026,5,CLE,Derek Barnett,DE,,,,Did Not Participate In Practice,
2026,5,CLE,Dillon Gabriel,QB,,,,Full Participation in Practice,
2026,5,CLE,Elgton Jenkins,C,,,,Full Participation in Practice,
2026,5,CLE,Grant Delpit,S,,,,Limited Participation in Practice,
2026,5,CLE,Kalia Davis,DT,,,,Limited Participation in Practice,
2026,5,CLE,Mason Graham,DT,,,,Did Not Participate In Practice,
2026,5,CLE,Mike Hall Jr.,DT,,,,Did Not Participate In Practice,
2026,5,CLE,Teven Jenkins,G,,,,Did Not Participate In Practice,
2026,5,CLE,Tylan Wallace,WR,,,,Did Not Participate In Practice,
2026,5,DAL,Alijah Clark,S,,,,Full Participation in Practice,
2026,5,DAL,CeeDee Lamb,WR,,,,Full Participation in Practice,
2026,5,DAL,Cobie Durant,CB,Hamstring,,Out,Did Not Participate In Practice,
2026,5,DAL,DeMarvion Overshown,LB,Hamstring,,Out,Did Not Participate In Practice,
2026,5,DAL,Drew Shelton,T,Hamstring,,Out,Did Not Participate In Practice,
2026,5,DAL,James Houston,LB,,,,Full Participation in Practice,
2026,5,DAL,Joey Porter Jr.,CB,,,,Full Participation in Practice,
2026,5,DAL,Jonathan Mingo,WR,Illness,,Questionable,Did Not Participate In Practice,
2026,5,DAL,Malik Hooker,S,,,,Full Participation in Practice,
2026,5,DAL,Tyler Goodson,RB,,,,Full Participation in Practice,
2026,5,DAL,Tyler Smith,G,Thumb,,Questionable,Full Participation in Practice,
2026,5,DET,Ben Bartch,G,,,,Did Not Participate In Practice,
2026,5,DET,Brian Branch,S,,,,Limited Participation in Practice,
2026,5,DET,Cade Mays,C,,,,Limited Participation in Practice,
2026,5,DET,D.J. Wonnum,DE,,,,Limited Participation in Practice,
2026,5,DET,Rock Ya-Sin,CB,,,,Did Not Participate In Practice,
2026,5,DET,Tyleik Williams,DT,,,,Did Not Participate In Practice,
2026,5,GB,Aaron Banks,G,,,,Did Not Participate In Practice,
2026,5,GB,Anthony Belton,T,,,,Limited Participation in Practice,
2026,5,GB,Anthony Campbell,DT,,,,Limited Participation in Practice,
2026,5,GB,Brandon Cisse,CB,,,,Full Participation in Practice,
2026,5,GB,Chris Brooks,RB,,,,Did Not Participate In Practice,
2026,5,GB,Devonte Wyatt,DT,,,,Limited Participation in Practice,
2026,5,GB,Jacob Monk,C,,,,Did Not Participate In Practice,
2026,5,GB,Jager Burton,C,,,,Did Not Participate In Practice,
2026,5,GB,Lukas Van Ness,LB,,,,Limited Participation in Practice,
2026,5,GB,Savion Williams,WR,,,,Limited Participation in Practice,
2026,5,HOU,Azeez Al-Shaair,LB,,,,Limited Participation in Practice,
2026,5,HOU,Braden Smith,T,,,,Limited Participation in Practice,
2026,5,HOU,Jadeveon Clowney,DE,,,,Limited Participation in Practice,
2026,5,HOU,Jamal Hill,LB,,,,Did Not Participate In Practice,
2026,5,HOU,Kayden McDonald,DT,,,,Limited Participation in Practice,
2026,5,HOU,Logan Hall,DE,,,,Limited Participation in Practice,
2026,5,HOU,M.J. Stewart,S,,,,Full Participation in Practice,
2026,5,HOU,Nathan Thomas,T,,,,Limited Participation in Practice,
2026,5,HOU,Nico Collins,WR,,,,Limited Participation in Practice,
2026,5,HOU,Tank Dell,WR,,,,Limited Participation in Practice,
2026,5,HOU,Trent Brown,T,,,,Did Not Participate In Practice,
2026,5,HOU,Wade Woodaz,LB,,,,Full Participation in Practice,
2026,5,HOU,Will Anderson Jr.,DE,,,,Did Not Participate In Practice,
2026,5,IND,Akeem Davis-Gaither,LB,,,,Did Not Participate In Practice,
2026,5,IND,Arden Key,DE,,,,Did Not Participate In Practice,
2026,5,IND,Ashton Dulin,WR,,,,Did Not Participate In Practice,
2026,5,IND,Charvarius Ward,CB,,,,Limited Participation in Practice,
2026,5,IND,Jaylon Carlies,LB,,,,Did Not Participate In Practice,
2026,5,IND,Jonathan Taylor,RB,,,,Limited Participation in Practice,
2026,5,IND,Keenan Allen,WR,,,,Limited Participation in Practice,
2026,5,IND,Tanor Bortolini,C,,,,Did Not Participate In Practice,
2026,5,IND,Will Mallory,TE,,,,Full Participation in Practice,
2026,5,JAX,Anton Harrison,T,,,,Limited Participation in Practice,
2026,5,JAX,Cole Van Lanen,T,,,,Limited Participation in Practice,
2026,5,JAX,DaVon Hamilton,DT,,,,Limited Participation in Practice,
2026,5,JAX,Eric Murray,S,,,,Did Not Participate In Practice,
2026,5,JAX,Jakobi Meyers,WR,,,,Full Participation in Practice,
2026,5,JAX,Jarrian Jones,CB,,,,Limited Participation in Practice,
2026,5,JAX,Jaylon Jones,CB,,,,Limited Participation in Practice,
2026,5,JAX,Josh Hines-Allen,DE,,,,Limited Participation in Practice,
2026,5,JAX,Jourdan Lewis,CB,,,,Limited Participation in Practice,
2026,5,JAX,LeQuint Allen Jr.,RB,,,,Full Participation in Practice,
2026,5,JAX,Montaric Brown,CB,,,,Limited Participation in Practice,
2026,5,MIA,Austin Jackson,T,,,,Limited Participation in Practice,
2026,5,MIA,Caleb Douglas,WR,,,,Did Not Participate In Practice,
2026,5,MIA,Chris Bell,WR,,,,Limited Participation in Practice,
2026,5,MIA,Dante Trader Jr.,S,,,,Limited Participation in Practice,
2026,5,MIA,Jackson Woodard,LB,,,,Did Not Participate In Practice,
2026,5,MIA,Julius Brents,CB,,,,Limited Participation in Practice,
2026,5,MIA,Kenneth Grant,DT,,,,Limited Participation in Practice,
2026,5,MIA,Reese Taylor,CB,,,,Did Not Participate In Practice,
2026,5,MIA,Rob Beal Jr.,DE,,,,Did Not Participate In Practice,
2026,5,MIA,Storm Duck,CB,,,,Full Participation in Practice,
2026,5,MIA,Tucker Addington,LS,,,,Limited Participation in Practice,
2026,5,MIN,Aaron Jones,RB,,,,Limited Participation in Practice,
2026,5,MIN,Ben Yurosek,TE,,,,Full Participation in Practice,
2026,5,MIN,Brett Thorson,P,,,,Full Participation in Practice,
2026,5,MIN,Brian O'Neill,T,,,,Limited Participation in Practice,
2026,5,MIN,Charles Demmings,CB,,,,Did Not Participate In Practice,
2026,5,MIN,Christian Darrisaw,T,,,,Did Not Participate In Practice,
2026,5,MIN,Jordan Addison,WR,,,,Did Not Participate In Practice,
2026,5,MIN,Justin Jefferson,WR,,,,Limited Participation in Practice,
2026,5,MIN,Michael Jurgens,C,,,,Full Participation in Practice,
2026,5,NE,Brenden Schooler,S,,,,Full Participation in Practice,
2026,5,NE,Carlton Davis III,CB,,,,Did Not Participate In Practice,
2026,5,NE,Channing Canada,CB,,,,Limited Participation in Practice,
2026,5,NE,Charles Woods,CB,,,,Limited Participation in Practice,
2026,5,NE,Christian Barmore,DT,,,,Limited Participation in Practice,
2026,5,NE,Christian Elliss,LB,,,,Limited Participation in Practice,
2026,5,NE,Christian Gonzalez,CB,,,,Did Not Participate In Practice,
2026,5,NE,Craig Woodson,S,,,,Limited Participation in Practice,
2026,5,NE,Drake Maye,QB,,,,Full Participation in Practice,
2026,5,NE,Dre'Mont Jones,LB,,,,Limited Participation in Practice,
2026,5,NE,Karon Prunty,CB,,,,Did Not Participate In Practice,
2026,5,NE,Mack Hollins,WR,,,,Did Not Participate In Practice,
2026,5,NE,Morgan Moses,T,,,,Limited Participation in Practice,
2026,5,NE,Reggie Gilliam,FB,,,,Limited Participation in Practice,
2026,5,NE,Rhamondre Stevenson,RB,,,,Limited Participation in Practice,
2026,5,NO,Alvin Kamara,RB,,,,Did Not Participate In Practice,
2026,5,NO,Anfernee Jennings,LB,,,,Did Not Participate In Practice,
2026,5,NO,Barion Brown,WR,,,,Did Not Participate In Practice,
2026,5,NO,Carl Granderson,LB,,,,Limited Participation in Practice,
2026,5,NO,Chris Olave,WR,,,,Did Not Participate In Practice,
2026,5,NO,Davon Godchaux,DT,,,,Full Participation in Practice,
2026,5,NO,Jaylan Ford,LB,,,,Full Participation in Practice,
2026,5,NO,Julian Blackmon,S,,,,Limited Participation in Practice,
2026,5,NO,Kaden Elliss,LB,,,,Did Not Participate In Practice,
2026,5,NO,Lorenzo Styles Jr.,CB,,,,Full Participation in Practice,
2026,5,NO,Michael Reid,S,,,,Limited Participation in Practice,
2026,5,NO,Noah Fant,TE,,,,Limited Participation in Practice,
2026,5,NO,Tyler Shough,QB,,,,Limited Participation in Practice,
2026,5,NYG,Andrew Thomas,T,,,,Did Not Participate In Practice,
2026,5,NYG,Bryan Hudson,C,,,,Full Participation in Practice,
2026,5,NYG,Cam Skattebo,RB,,,,Limited Participation in Practice,
2026,5,NYG,Chauncey Golston,DE,,,,Did Not Participate In Practice,
2026,5,NYG,Chris Manhertz,TE,,,,Limited Participation in Practice,
2026,5,NYG,Deonte Banks,CB,,,,Full Participation in Practice,
2026,5,NYG,Isaiah Likely,TE,,,,Limited Participation in Practice,
2026,5,NYG,Jason Pinnock,S,,,,Did Not Participate In Practice,
2026,5,NYG,Malik Nabers,WR,,,,Did Not Participate In Practice,
2026,5,NYG,Najee Harris,RB,,,,Did Not Participate In Practice,
2026,5,NYJ,Adonai Mitchell,WR,,,,Did Not Participate In Practice,
2026,5,NYJ,Breece Hall,RB,,,,Did Not Participate In Practice,
2026,5,NYJ,Dylan Parham,G,,,,Did Not Participate In Practice,
2026,5,NYJ,Francisco Mauigoa,LB,,,,Did Not Participate In Practice,
2026,5,NYJ,Jarvis Brownlee Jr.,CB,,,,Did Not Participate In Practice,
2026,5,NYJ,Kingsley Enagbare,DE,,,,Limited Participation in Practice,
2026,5,NYJ,Mason Taylor,TE,,,,Full Participation in Practice,
2026,5,NYJ,Tim Patrick,WR,,,,Full Participation in Practice,
2026,5,PIT,Cameron Heyward,DT,,,,Did Not Participate In Practice,
2026,5,PIT,Jalen Ramsey,CB,,,,Did Not Participate In Practice,
2026,5,PIT,Jamel Dean,CB,,,,Did Not Participate In Practice,
2026,5,PIT,Michael Pittman,WR,,,,Limited Participation in Practice,
2026,5,PIT,Rico Dowdle,RB,,,,Limited Participation in Practice,
2026,5,TB,Anthony Nelson,LB,,,,Limited Participation in Practice,
2026,5,TB,Antoine Winfield Jr.,S,Rib,,Out,Did Not Participate In Practice,
2026,5,TB,Baker Mayfield,QB,Thumb,,Out,Did Not Participate In Practice,
2026,5,TB,Benjamin Morrison,CB,Quadricep,,Out,Did Not Participate In Practice,
2026,5,TB,Chase McLaughlin,K,,,,Full Participation in Practice,
2026,5,TB,Josiah Trotter,LB,,,,Full Participation in Practice,
2026,5,TB,Ko Kieft,TE,,,,Full Participation in Practice,
2026,5,TB,Rueben Bain Jr.,LB,,,,Full Participation in Practice,
2026,5,TB,SirVocea Dennis,LB,Ankle,Foot,Out,Did Not Participate In Practice,
2026,5,TEN,Amani Hooker,S,,,,Did Not Participate In Practice,
2026,5,TEN,David Martin-Robinson,TE,,,,Full Participation in Practice,
2026,5,TEN,Jeffery Simmons,DT,,,,Did Not Participate In Practice,
2026,5,TEN,John Franklin-Myers,DE,,,,Did Not Participate In Practice,
2026,5,TEN,Joshua Williams,CB,,,,Full Participation in Practice,
2026,5,TEN,Kevin Winston Jr.,S,,,,Limited Participation in Practice,
2026,5,TEN,Marcus Harris,CB,,,,Did Not Participate In Practice,
2026,5,TEN,Tony Pollard,RB,,,,Did Not Participate In Practice,
2026,5,WAS,Ben Sinnott,TE,,,,Limited Participation in Practice,
2026,5,WAS,Charles Omenihu,DE,,,,Did Not Participate In Practice,
2026,5,WAS,Chig Okonkwo,TE,,,,Limited Participation in Practice,
2026,5,WAS,Deatrich Wise,DE,,,,Limited Participation in Practice,
2026,5,WAS,Fabian Moreau,CB,,,,Full Participation in Practice,
2026,5,WAS,Frankie Luvu,LB,,,,Limited Participation in Practice,
2026,5,WAS,Jacory Croskey-Merritt,RB,,,,Limited Participation in Practice,
2026,5,WAS,Javon Kinlaw,DT,,,,Full Participation in Practice,
2026,5,WAS,Jayden Daniels,QB,,,,Full Participation in Practice,
2026,5,WAS,Jeremy McNichols,RB,,,,Limited Participation in Practice,
2026,5,WAS,Jeremy Reaves,S,,,,Full Participation in Practice,
2026,5,WAS,Marcus Mariota,QB,,,,Did Not Participate In Practice,
2026,5,WAS,Nick Allegretti,G,,,,Limited Participation in Practice,
2026,5,WAS,Nick Cross,S,,,,Full Participation in Practice,
2026,5,WAS,Percy Butler,S,,,,Did Not Participate In Practice,
2026,5,WAS,Rachaad White,RB,,,,Limited Participation in Practice,
2026,5,WAS,Sam Cosmi,G,,,,Limited Participation in Practice,
2026,5,WAS,Sonny Styles,LB,,,,Limited Participation in Practice,
2026,5,WAS,Stefon Diggs,WR,,,,Did Not Participate In Practice,
2026,5,WAS,Terry McLaurin,WR,,,,Did Not Participate In Practice,
2026,5,WAS,Trey Amos,CB,,,,Limited Participation in Practice,
2026,5,WAS,Treylon Burks,WR,,,,Full Participation in Practice,
2026,5,WAS,Tyler Owens,S,,,,Did Not Participate In Practice,
2026,4,ARI,Budda Baker,S,,,,Full Participation in Practice,
2026,4,ARI,Dadrion Taylor-Demerson,S,Back,,Out,Did Not Participate In Practice,
2026,4,ARI,Hjalte Froholdt,C,,,,Full Participation in Practice,
2026,4,ARI,Isaac Seumalo,G,,,,Full Participation in Practice,
2026,4,ARI,Josh Sweat,LB,Not injury related - resting player,Groin,Questionable,Limited Participation in Practice,
2026,4,ARI,Mack Wilson,LB,,,,Full Participation in Practice,
2026,4,ARI,Roy Lopez,DT,,,,Full Participation in Practice,
2026,4,ARI,Walter Nolen,DT,,,,Full Participation in Practice,
2026,4,ATL,Divine Deablo,LB,Hamstring,,Questionable,Limited Participation in Practice,
2026,4,ATL,Jake Matthews,T,,,,Did Not Participate In Practice,
2026,4,ATL,Jawaan Taylor,T,,,,Full Participation in Practice,
2026,4,ATL,Kendal Daniels,LB,,,,Full Participation in Practice,
2026,4,ATL,Samson Ebukam,DE,Hamstring,,Questionable,Full Participation in Practice,
2026,4,ATL,Yasir Abdullah,LB,Illness,,Questionable,Full Participation in Practice,
2026,4,ATL,Za'Darius Smith,DE,,,,Full Participation in Practice,
2026,4,BAL,Calais Campbell,DT,,,,Full Participation in Practice,
2026,4,BAL,Chris Moore,WR,Ankle,,Questionable,Limited Participation in Practice,
2026,4,BAL,Durham Smythe,TE,,,,Full Participation in Practice,
2026,4,BAL,Ethan Pocic,C,Knee,,Out,Did Not Participate In Practice,
2026,4,BAL,John Simpson,G,,,,Full Participation in Practice,
2026,4,BAL,Jovaughn Gwyn,C,Ankle,,Out,Did Not Participate In Practice,
2026,4,BAL,Lamar Jackson,QB,,,,Full Participation in Practice,
2026,4,BAL,Mark Andrews,TE,,,,Full Participation in Practice,
2026,4,BAL,Marlon Humphrey,CB,,,,Full Participation in Practice,
2026,4,BAL,Ronnie Stanley,T,Toe,Not injury related - resting player,Questionable,Did Not Participate In Practice,
2026,4,BAL,Trey Hendrickson,LB,Finger,,Out,Did Not Participate In Practice,
2026,4,BAL,Zay Flowers,WR,Hamstring,Not injury related - resting player,Questionable,Limited Participation in Practice,
2026,4,BUF,Ar'maj Reed-Adams,G,,,,Full Participation in Practice,
2026,4,BUF,Bradley Chubb,LB,,,,Full Participation in Practice,
2026,4,BUF,Christian Benford,CB,Toe,,Questionable,Did Not Participate In Practice,
2026,4,BUF,DJ Moore,WR,,,,Limited Participation in Practice,
2026,4,BUF,Damar Hamlin,S,,,,Limited Participation in Practice,
2026,4,BUF,Deone Walker,DT,,,,Full Participation in Practice,
2026,4,BUF,Dorian Williams,LB,,,,Full Participation in Practice,
2026,4,BUF,Joe Andreessen,LB,,,,Full Participation in Practice,
2026,4,BUF,Keon Coleman,WR,,,,Limited Participation in Practice,
2026,4,BUF,Ray Davis,RB,Hamstring,,Questionable,Limited Participation in Practice,
2026,4,BUF,Sam Franklin Jr.,S,,,,Did Not Participate In Practice,
2026,4,BUF,T.J. Sanders,DE,Illness,,Doubtful,Limited Participation in Practice,
2026,4,BUF,Terrel Bernard,LB,,,,Did Not Participate In Practice,
2026,4,CAR,Bryce Young,QB,,,,Full Participation in Practice,
2026,4,CAR,Cam Jackson,DT,Knee,,Questionable,Limited Participation in Practice,
2026,4,CAR,Chuba Hubbard,RB,,,,Full Participation in Practice,
2026,4,CAR,Damien Lewis,G,Elbow,,Out,Did Not Participate In Practice,
2026,4,CAR,Darren Waller,TE,,,,Full Participation in Practice,
2026,4,CAR,Devin Lloyd,LB,,,,Full Participation in Practice,
2026,4,CAR,Jalen Coker,WR,Quadricep,,Questionable,Limited Participation in Practice,
2026,4,CAR,Lee Hunter,DT,Foot,,Questionable,Limited Participation in Practice,
2026,4,CAR,Monroe Freeling,T,Concussion,,Questionable,Full Participation in Practice,
2026,4,CAR,Nick Scott,S,,,,Full Participation in Practice,
2026,4,CAR,Princely Umanmielen,LB,,,,Full Participation in Practice,
2026,4,CAR,Xavier Legette,WR,Knee,,Out,Did Not Participate In Practice,
2026,4,CHI,Braxton Jones,T,Knee,,Out,Did Not Participate In Practice,
2026,4,CHI,Caleb Williams,QB,Hamstring,,Out,Did Not Participate In Practice,
2026,4,CHI,Cam Lewis,S,Hip,,Doubtful,Did Not Participate In Practice,
2026,4,CHI,D'Andre Swift,RB,,,,Full Participation in Practice,
2026,4,CHI,Grady Jarrett,DT,,,,Full Participation in Practice,
2026,4,CHI,Joe Thuney,G,,,,Full Participation in Practice,
2026,4,CHI,Jonah Jackson,G,,,,Full Participation in Practice,
2026,4,CHI,Kyler Gordon,CB,Calf,,Out,Full Participation in Practice,
2026,4,CHI,Noah Sewell,LB,Achilles,,Out,Full Participation in Practice,
2026,4,CHI,Shemar Turner,DE,Knee,,Out,Full Participation in Practice,
2026,4,CIN,B.J. Hill,DT,Achilles,,Questionable,Limited Participation in Practice,
2026,4,CIN,Bryan Cook,S,Ankle,,Questionable,Limited Participation in Practice,
2026,4,CIN,Colbie Young,WR,Knee,,Out,Did Not Participate In Practice,
2026,4,CIN,DJ Turner II,CB,,,,Limited Participation in Practice,
2026,4,CIN,Dalton Risner,G,Knee,,Questionable,Full Participation in Practice,
2026,4,CIN,Dexter Lawrence,DT,,,,Did Not Participate In Practice,
2026,4,CIN,Jonathan Allen,DT,,,,Full Participation in Practice,
2026,4,CIN,Jordan Battle,S,,,,Full Participation in Practice,
2026,4,CIN,Kyle Dugger,S,Quadricep,,Out,Did Not Participate In Practice,
2026,4,CIN,Swayze Bozeman,LB,Groin,,Questionable,Did Not Participate In Practice,
2026,4,CLE,Elgton Jenkins,C,Concussion,,Out,Did Not Participate In Practice,
2026,4,CLE,Grant Delpit,S,,,,Full Participation in Practice,
2026,4,CLE,Teven Jenkins,G,Back,,Out,Limited Participation in Practice,
2026,4,CLE,Tylan Wallace,WR,Knee,,Out,Did Not Participate In Practice,
2026,4,CLE,Tyson Campbell,CB,,,,Full Participation in Practice,
2026,4,CLE,Tytus Howard,T,,,,Full Participation in Practice,
2026,4,DAL,Cobie Durant,CB,Hamstring,,Out,Did Not Participate In Practice,
2026,4,DAL,DeMarvion Overshown,LB,Hamstring,,Out,Did Not Participate In Practice,
2026,4,DAL,James Houston,LB,,,,Full Participation in Practice,
2026,4,DAL,Malik Hooker,S,,,,Full Participation in Practice,
2026,4,DAL,Shavon Revel Jr.,CB,,,,Full Participation in Practice,
2026,4,DEN,D.J. Jones,DT,,,,Full Participation in Practice,
2026,4,DEN,Dondrea Tillman,LB,Hamstring,,Out,Did Not Participate In Practice,
2026,4,DEN,J.K. Dobbins,RB,,,,Full Participation in Practice,
2026,4,DEN,Jaylen Waddle,WR,,,,Full Participation in Practice,
2026,4,DEN,Marvin Mims Jr.,WR,,,,Full Participation in Practice,
2026,4,DEN,Zach Allen,DE,,,,Full Participation in Practice,
2026,4,DET,Ben Bartch,G,Foot,,Out,Did Not Participate In Practice,
2026,4,DET,D.J. Reed,CB,Rib,,Questionable,Limited Participation in Practice,
2026,4,DET,D.J. Wonnum,DE,,,,Full Participation in Practice,
2026,4,GB,Aaron Banks,G,Knee,Toe,Out,Did Not Participate In Practice,
2026,4,GB,Anthony Campbell,DT,Ankle,,Out,Did Not Participate In Practice,
2026,4,GB,Edgerrin Cooper,LB,Shoulder,Concussion,Questionable,Full Participation in Practice,
2026,4,GB,Jacob Monk,C,Quadricep,,Out,Did Not Participate In Practice,
2026,4,GB,Jager Burton,C,Groin,,Questionable,Limited Participation in Practice,
2026,4,GB,Karl Brooks,DT,,,,Limited Participation in Practice,
2026,4,GB,Lukas Van Ness,LB,,,,Limited Participation in Practice,
2026,4,GB,Warren Brinson,DT,Calf,Groin,Out,Did Not Participate In Practice,
2026,4,HOU,Azeez Al-Shaair,LB,Groin,,Out,Did Not Participate In Practice,
2026,4,HOU,British Brooks,RB,,,,Did Not Participate In Practice,
2026,4,HOU,Calen Bullock,S,,,,Full Participation in Practice,
2026,4,HOU,Dalton Schultz,TE,,,,Limited Participation in Practice,
2026,4,HOU,Ed Ingram,G,Groin,,Questionable,Full Participation in Practice,
2026,4,HOU,Jadeveon Clowney,DE,Knee,,Questionable,Did Not Participate In Practice,
2026,4,HOU,Jake Hansen,LB,Calf,,Questionable,Full Participation in Practice,
2026,4,HOU,Logan Hall,DE,Knee,,Questionable,Limited Participation in Practice,
2026,4,HOU,M.J. Stewart,S,Knee,,Out,Did Not Participate In Practice,
2026,4,HOU,Nico Collins,WR,,,,Full Participation in Practice,
2026,4,HOU,Trent Brown,T,,,,Full Participation in Practice,
2026,4,HOU,Wade Woodaz,LB,,,,Full Participation in Practice,
2026,4,HOU,Will Anderson Jr.,DE,,,,Full Participation in Practice,
2026,4,IND,Akeem Davis-Gaither,LB,,,,Full Participation in Practice,
2026,4,IND,Ashton Dulin,WR,Ankle,,Questionable,Full Participation in Practice,
2026,4,IND,Charvarius Ward,CB,,,,Full Participation in Practice,
2026,4,IND,Grover Stewart,DT,,,,Full Participation in Practice,
2026,4,IND,Jonathan Taylor,RB,,,,Full Participation in Practice,
2026,4,IND,Keenan Allen,WR,Not injury related - resting player,Groin,Questionable,Did Not Participate In Practice,
2026,4,IND,Mo Alie-Cox,TE,,,,Full Participation in Practice,
2026,4,IND,Spencer Shrader,K,,,,Full Participation in Practice,
2026,4,JAX,Albert Regis,DT,Elbow,,Questionable,Limited Participation in Practice,
2026,4,JAX,Christian Braswell,CB,Knee,,Questionable,Limited Participation in Practice,
2026,4,JAX,Cole Van Lanen,T,,,,Full Participation in Practice,
2026,4,JAX,DaVon Hamilton,DT,,,,Full Participation in Practice,
2026,4,JAX,Jakobi Meyers,WR,,,,Full Participation in Practice,
2026,4,JAX,Jarrian Jones,CB,,,,Full Participation in Practice,
2026,4,JAX,LeQuint Allen Jr.,RB,,,,Limited Participation in Practice,
2026,4,JAX,Montaric Brown,CB,Hamstring,,Questionable,Limited Participation in Practice,
2026,4,JAX,Nate Boerkircher,TE,,,,Full Participation in Practice,
2026,4,KC,Ashton Gillotte,DE,,,,Full Participation in Practice,
2026,4,KC,Chamarri Conner,S,,,,Full Participation in Practice,
2026,4,KC,Chris Jones,DT,,,,Full Participation in Practice,
2026,4,KC,Christian Roland-Wallace,CB,,,,Full Participation in Practice,
2026,4,KC,Felix Anudike-Uzomah,DE,,,,Full Participation in Practice,
2026,4,KC,Jack Cochrane,LB,,,,Full Participation in Practice,
2026,4,KC,Jadon Canady,CB,,,,Full Participation in Practice,
2026,4,KC,Josh Simmons,T,Back,,Out,Did Not Participate In Practice,
2026,4,KC,L'Jarius Sneed,CB,,,,Full Participation in Practice,
2026,4,KC,Patrick Mahomes,QB,,,,Full Participation in Practice,
2026,4,KC,Rashee Rice,WR,,,,Full Participation in Practice,
2026,4,LA,Aaron Donald,DT,Back,,Out,Did Not Participate In Practice,
2026,4,LA,Alaric Jackson,T,,,,Did Not Participate In Practice,
2026,4,LA,Byron Young,LB,,,,Did Not Participate In Practice,
2026,4,LA,Colby Parkinson,TE,Knee,Shoulder,Questionable,Did Not Participate In Practice,
2026,4,LA,Davante Adams,WR,,,,Full Participation in Practice,
2026,4,LA,Jaylen Watson,CB,Shoulder,,Out,Did Not Participate In Practice,
2026,4,LA,Josaiah Stewart,LB,Groin,,Questionable,Did Not Participate In Practice,
2026,4,LA,Josh Wallace,CB,,,,Full Participation in Practice,
2026,4,LA,Kamren Kinchens,S,,,,Full Participation in Practice,
2026,4,LA,Nate Landman,LB,,,,Full Participation in Practice,
2026,4,LA,Poona Ford,DT,,,,Full Participation in Practice,
2026,4,LA,Puka Nacua,WR,,,,Full Participation in Practice,
2026,4,LA,Terrance Ferguson,TE,Ankle,,Out,Did Not Participate In Practice,
2026,4,LA,Tyler Higbee,TE,,,,Did Not Participate In Practice,
2026,4,LAC,Brenen Thompson,WR,Quadricep,,Out,Did Not Participate In Practice,
2026,4,LAC,Bud Dupree,DE,,,,Full Participation in Practice,
2026,4,LAC,Charlie Kolar,TE,Forearm,,Out,Limited Participation in Practice,
2026,4,LAC,Dalvin Tomlinson,DT,Hamstring,,Out,Did Not Participate In Practice,
2026,4,LAC,Derwin James,S,Hamstring,Not injury related - resting player,Questionable,Limited Participation in Practice,
2026,4,LAC,Donte Jackson,CB,Concussion,,Questionable,Full Participation in Practice,
2026,4,LAC,Elijah Molden,S,Hamstring,,Questionable,Limited Participation in Practice,
2026,4,LAC,Justin Eboigbe,DE,,,,Full Participation in Practice,
2026,4,LAC,Kayode Awosika,G,Fibula,,Out,Did Not Participate In Practice,
2026,4,LAC,Keaton Mitchell,RB,,,,Full Participation in Practice,
2026,4,LAC,Khalil Mack,DE,,,,Full Participation in Practice,
2026,4,LAC,Ladd McConkey,WR,Foot,,Questionable,Limited Participation in Practice,
2026,4,LAC,Trey Lance,QB,Groin,,Questionable,Limited Participation in Practice,
2026,4,LV,Aidan O'Connell,QB,Not injury related - personal matter,,Questionable,Did Not Participate In Practice,
2026,4,LV,Ashton Jeanty,RB,,,,Full Participation in Practice,
2026,4,LV,Brock Bowers,TE,,,,Limited Participation in Practice,
2026,4,LV,Cody White,WR,,,,Limited Participation in Practice,
2026,4,LV,Eric Stokes,CB,,,,Full Participation in Practice,
2026,4,LV,Foley Fatukasi,DT,,,,Full Participation in Practice,
2026,4,LV,Isaiah Pola-Mao,S,,,,Full Participation in Practice,
2026,4,LV,Jackson Powers-Johnson,G,Groin,,Out,Did Not Participate In Practice,
2026,4,LV,Malik Benson,WR,,,,Full Participation in Practice,
2026,4,LV,Treydan Stukes,S,,,,Full Participation in Practice,
2026,4,LV,Tristin McCollum,S,,,,Full Participation in Practice,
2026,4,MIA,Aaron Brewer,C,,,,Full Participation in Practice,
2026,4,MIA,Caleb Douglas,WR,Ankle,,Out,Did Not Participate In Practice,
2026,4,MIA,Chop Robinson,LB,,,,Full Participation in Practice,
2026,4,MIA,Chris Bell,WR,,,,Full Participation in Practice,
2026,4,MIA,Dante Trader Jr.,S,,,,Full Participation in Practice,
2026,4,MIA,Jaylen Wright,RB,,,,Full Participation in Practice,
2026,4,MIA,Joshua Uche,LB,,,,Full Participation in Practice,
2026,4,MIA,Julius Brents,CB,,,,Full Participation in Practice,
2026,4,MIA,Rob Beal Jr.,LB,Hamstring,,Out,Did Not Participate In Practice,
2026,4,MIA,Seydou Traore,TE,,,,Full Participation in Practice,
2026,4,MIA,Storm Duck,CB,Knee,Achilles,Out,Full Participation in Practice,
2026,4,MIA,Tucker Addington,LS,,,,Limited Participation in Practice,
2026,4,MIA,Zeek Biggers,DT,,,,Full Participation in Practice,
2026,4,MIN,Aaron Jones,RB,,,,Limited Participation in Practice,
2026,4,MIN,Blake Cashman,LB,,,,Full Participation in Practice,
2026,4,MIN,Brett Thorson,P,Hamstring,,Out,Did Not Participate In Practice,
2026,4,MIN,Charles Demmings,CB,Hamstring,,Out,Did Not Participate In Practice,
2026,4,MIN,Christian Darrisaw,T,,,,Did Not Participate In Practice,
2026,4,MIN,Harrison Smith,S,,,,Limited Participation in Practice,
2026,4,MIN,Justin Jefferson,WR,Ankle,,Out,Did Not Participate In Practice,
2026,4,NE,Brenden Schooler,S,Back,,Out,Limited Participation in Practice,
2026,4,NE,Channing Canada,CB,Hamstring,,Questionable,Limited Participation in Practice,
2026,4,NE,Christian Barmore,DT,Shoulder,,Out,Did Not Participate In Practice,
2026,4,NE,Christian Elliss,LB,Chest,,Questionable,Limited Participation in Practice,
2026,4,NE,Christian Gonzalez,CB,Shoulder,,Out,Did Not Participate In Practice,
2026,4,NE,Craig Woodson,S,Shoulder,,Questionable,Limited Participation in Practice,
2026,4,NE,Drake Maye,QB,,,,Full Participation in Practice,
2026,4,NE,Dre'Mont Jones,LB,Shoulder,,Questionable,Limited Participation in Practice,
2026,4,NE,Eli Raridon,TE,Thigh,,Questionable,Limited Participation in Practice,
2026,4,NE,Morgan Moses,T,Foot,,Questionable,Limited Participation in Practice,
2026,4,NE,Reggie Gilliam,FB,Knee,,Questionable,Limited Participation in Practice,
2026,4,NO,Anfernee Jennings,LB,Knee,,Out,Did Not Participate In Practice,
2026,4,NO,Barion Brown,WR,,,,Full Participation in Practice,
2026,4,NO,Carl Granderson,LB,Ankle,,Out,Did Not Participate In Practice,
2026,4,NO,Christen Miller,DT,,,,Full Participation in Practice,
2026,4,NO,Davon Godchaux,DT,,,,Full Participation in Practice,
2026,4,NO,Jayden Price,CB,,,,Limited Participation in Practice,
2026,4,NO,Julian Blackmon,S,,,,Full Participation in Practice,
2026,4,NO,Kaden Elliss,LB,Calf,,Out,Did Not Participate In Practice,
2026,4,NO,Martin Emerson,CB,,,,Full Participation in Practice,
2026,4,NO,Nathan Shepherd,DT,,,,Did Not Participate In Practice,
2026,4,NO,Noah Fant,TE,Abdomen,,Questionable,Limited Participation in Practice,
2026,4,NO,Pete Werner,LB,Shoulder,,Questionable,Did Not Participate In Practice,
2026,4,NO,Treyton Welch,TE,,,,Did Not Participate In Practice,
2026,4,NYG,Andrew Thomas,T,,,,Limited Participation in Practice,
2026,4,NYG,Deonte Banks,CB,,,,Full Participation in Practice,
2026,4,NYG,Elijah Campbell,S,,,,Full Participation in Practice,
2026,4,NYG,John Michael Schmitz,C,,,,Did Not Participate In Practice,
2026,4,NYG,Nic Jones,CB,,,,Full Participation in Practice,
2026,4,NYG,Patrick Ricard,FB,,,,Full Participation in Practice,
2026,4,NYG,Tyler Nubin,S,,,,Full Participation in Practice,
2026,4,NYG,Tyrone Tracy Jr.,RB,,,,Full Participation in Practice,
2026,4,NYJ,Adonai Mitchell,WR,Finger,,Out,Did Not Participate In Practice,
2026,4,NYJ,Breece Hall,RB,Quadricep,,Out,Did Not Participate In Practice,
2026,4,NYJ,Dylan Parham,G,Knee,,Out,Did Not Participate In Practice,
2026,4,NYJ,Francisco Mauigoa,LB,Quadricep,,Out,Did Not Participate In Practice,
2026,4,NYJ,Jeremy Ruckert,TE,,,,Full Participation in Practice,
2026,4,NYJ,Kene Nwangwu,RB,,,,Full Participation in Practice,
2026,4,NYJ,Kenyon Sadiq,TE,Back,,Questionable,Limited Participation in Practice,
2026,4,NYJ,Kingsley Enagbare,DE,Knee,,Questionable,Limited Participation in Practice,
2026,4,NYJ,Mason Taylor,TE,Thumb,,Out,Did Not Participate In Practice,
2026,4,NYJ,Minkah Fitzpatrick,S,,,,Full Participation in Practice,
2026,4,PHI,Byron Young,DT,,,,Full Participation in Practice,
2026,4,PHI,Dallas Goedert,TE,Knee,,Out,Did Not Participate In Practice,
2026,4,PHI,Darius Cooper,WR,,,,Full Participation in Practice,
2026,4,PHI,DeVonta Smith,WR,Hamstring,,Out,Did Not Participate In Practice,
2026,4,PHI,Fred Johnson,T,Knee,,Out,Did Not Participate In Practice,
2026,4,PHI,Jalen Carter,DT,,,,Full Participation in Practice,
2026,4,PHI,Jihaad Campbell,LB,,,,Limited Participation in Practice,
2026,4,PHI,Jonathan Greenard,LB,,,,Full Participation in Practice,
2026,4,PHI,Jonathan Jones,CB,,,,Full Participation in Practice,
2026,4,PHI,Jordan Davis,DT,,,,Full Participation in Practice,
2026,4,PHI,Marcus Epps,S,Groin,,Out,Did Not Participate In Practice,
2026,4,PHI,Marquise Brown,WR,Ankle,,Out,Did Not Participate In Practice,
2026,4,PHI,Moro Ojomo,DT,,,,Full Participation in Practice,
2026,4,PHI,Tank Bigsby,RB,,,,Full Participation in Practice,
2026,4,PHI,Will Shipley,RB,,,,Full Participation in Practice,
2026,4,PHI,Zack Baun,LB,Concussion,,Out,Did Not Participate In Practice,
2026,4,PIT,Brandin Echols,CB,Concussion,,,Limited Participation in Practice,
2026,4,PIT,Jalen Ramsey,CB,Wrist,,Questionable,Limited Participation in Practice,
2026,4,PIT,Joey Porter Jr.,CB,Not injury related - other,Back,Out,Limited Participation in Practice,
2026,4,PIT,Rico Dowdle,RB,Toe,,Out,Did Not Participate In Practice,
2026,4,PIT,Yahya Black,DT,Not injury related - personal matter,,Questionable,,
2026,4,SEA,Brandon Pili,DT,,,,Full Participation in Practice,
2026,4,SEA,Chazz Surratt,LB,Calf,,Questionable,Limited Participation in Practice,
2026,4,SEA,George Holani,RB,,,,Limited Participation in Practice,
2026,4,SEA,Grey Zabel,G,,,,Full Participation in Practice,
2026,4,SEA,Jadarian Price,RB,Chest,,Out,Did Not Participate In Practice,
2026,4,SEA,Jarran Reed,DT,,,,Full Participation in Practice,
2026,4,SEA,Julian Love,S,,,,Full Participation in Practice,
2026,4,SEA,Leonard Williams,DT,,,,Full Participation in Practice,
2026,4,SEA,Nick Emmanwori,S,,,,Full Participation in Practice,
2026,4,SEA,Rashid Shaheed,WR,,,,Full Participation in Practice,
2026,4,SEA,Ty Okada,S,Hamstring,,Questionable,Full Participation in Practice,
2026,4,SEA,Zach Charbonnet,RB,Knee,,Out,Limited Participation in Practice,
2026,4,SF,Christian McCaffrey,RB,,,,Full Participation in Practice,
2026,4,SF,Dre Greenlaw,LB,Quadricep,,Questionable,Limited Participation in Practice,
2026,4,SF,Jaden Dugger,LB,Shoulder,,Questionable,Limited Participation in Practice,
2026,4,SF,James Thompson Jr.,DT,Ankle,,Out,Did Not Participate In Practice,
2026,4,SF,Keion White,DE,Hamstring,,Questionable,Limited Participation in Practice,
2026,4,SF,KhaDarel Hodge,WR,,,,Did Not Participate In Practice,
2026,4,SF,Mike Evans,WR,Ribs,,Questionable,Limited Participation in Practice,
2026,4,SF,Mykel Williams,DE,Knee,,Out,Limited Participation in Practice,
2026,4,SF,Nick Bosa,DE,Knee,Calf,Out,Did Not Participate In Practice,
2026,4,SF,Romello Height,DE,,,,Limited Participation in Practice,
2026,4,SF,Trent Williams,T,,,,Full Participation in Practice,
2026,4,TB,A'Shawn Robinson,DT,,,,Full Participation in Practice,
2026,4,TB,Baker Mayfield,QB,Thumb,,Out,Did Not Participate In Practice,
2026,4,TB,Benjamin Morrison,CB,Quadricep,,Out,Did Not Participate In Practice,
2026,4,TB,Bucky Irving,RB,,,,Full Participation in Practice,
2026,4,TB,Chris Godwin Jr.,WR,,,,Full Participation in Practice,
2026,4,TB,DeMonte Capehart,DT,,,,Full Participation in Practice,
2026,4,TB,Jacob Parrish,CB,Not injury related - personal matter,,Questionable,Limited Participation in Practice,
2026,4,TB,Josiah Trotter,LB,,,,Full Participation in Practice,
2026,4,TB,Keionte Scott,CB,,,,Full Participation in Practice,
2026,4,TB,Ko Kieft,TE,Elbow,,Out,Did Not Participate In Practice,
2026,4,TB,Rakeem Nunez-Roches,DT,Ankle,Foot,Questionable,Full Participation in Practice,
2026,4,TB,Rueben Bain Jr.,LB,Groin,Shoulder,Out,Did Not Participate In Practice,
2026,4,TB,SirVocea Dennis,LB,Calf,,Questionable,Limited Participation in Practice,
2026,4,TB,Yaya Diaby,LB,,,,Full Participation in Practice,
2026,4,TEN,John Franklin-Myers,DE,,,,Full Participation in Practice,
2026,4,TEN,Kevin Winston Jr.,S,Shoulder,,Questionable,Did Not Participate In Practice,
2026,4,TEN,Tony Pollard,RB,,,,Full Participation in Practice,
2026,4,TEN,Tyjae Spears,RB,Ankle,,Questionable,Full Participation in Practice,
2026,4,WAS,Amik Robertson,CB,,,,Full Participation in Practice,
2026,4,WAS,Ben Sinnott,TE,,,,Limited Participation in Practice,
2026,4,WAS,Charles Omenihu,DE,,,,Limited Participation in Practice,
2026,4,WAS,Chig Okonkwo,TE,,,,Limited Participation in Practice,
2026,4,WAS,Frankie Luvu,LB,,,,Limited Participation in Practice,
2026,4,WAS,Javon Kinlaw,DT,,,,Full Participation in Practice,
2026,4,WAS,Jayden Daniels,QB,Elbow,,Out,Limited Participation in Practice,
2026,4,WAS,Lucas Patrick,G,,,,Full Participation in Practice,
2026,4,WAS,Nick Allegretti,G,,,,Full Participation in Practice,
2026,4,WAS,Nick Cross,S,Illness,,Out,Did Not Participate In Practice,
2026,4,WAS,Percy Butler,S,Concussion,,Questionable,Full Participation in Practice,
2026,4,WAS,Quan Martin,S,,,,Full Participation in Practice,
2026,4,WAS,Rachaad White,RB,Shoulder,,Out,Did Not Participate In Practice,
2026,4,WAS,Sam Cosmi,G,Concussion,Throat,Out,Did Not Participate In Practice,
2026,4,WAS,Terry McLaurin,WR,Hamstring,,Questionable,Limited Participation in Practice,
2026,3,ARI,Dadrion Taylor-Demerson,S,Back,,Out,Did Not Participate In Practice,
2026,3,ARI,Garrett Williams,CB,,,,Full Participation in Practice,
2026,3,ARI,Hjalte Froholdt,C,,,,Full Participation in Practice,
2026,3,ARI,Isaac Seumalo,G,,,,Full Participation in Practice,
2026,3,ARI,Jacoby Brissett,QB,,,,Full Participation in Practice,
2026,3,ARI,Josh Sweat,LB,,,,Full Participation in Practice,
2026,3,ARI,Mack Wilson,LB,,,,Full Participation in Practice,
2026,3,ARI,Max Melton,CB,Toe,,Questionable,Limited Participation in Practice,
2026,3,ARI,Roy Lopez,DT,Groin,,Questionable,Limited Participation in Practice,
2026,3,ATL,A.J. Terrell,CB,,,,Did Not Participate In Practice,
2026,3,ATL,Billy Bowman Jr.,CB,Achilles,,Questionable,Full Participation in Practice,
2026,3,ATL,Brandon Dorlus,DT,,,,Full Participation in Practice,
2026,3,ATL,Brian Robinson,RB,,,,Full Participation in Practice,
2026,3,ATL,Jawaan Taylor,T,,,,Full Participation in Practice,
2026,3,ATL,LaCale London,DT,,,,Full Participation in Practice,
2026,3,ATL,Michael Penix Jr.,QB,,,,Full Participation in Practice,
2026,3,ATL,Nick Muse,TE,,,,Full Participation in Practice,
2026,3,ATL,Samson Ebukam,DE,Hamstring,,Out,Did Not Participate In Practice,
2026,3,ATL,Tua Tagovailoa,QB,,,,Full Participation in Practice,
2026,3,BAL,Calais Campbell,DT,,,,Full Participation in Practice,
2026,3,BAL,Chris Moore,WR,,,,Full Participation in Practice,
2026,3,BAL,John Simpson,G,,,,Full Participation in Practice,
2026,3,BAL,Malaki Starks,S,,,,Full Participation in Practice,
2026,3,BAL,Nnamdi Madubuike,DT,,,,Full Participation in Practice,
2026,3,BAL,Ronnie Stanley,T,Toe,,Out,Did Not Participate In Practice,
2026,3,BAL,Teddye Buchanan,LB,,,,Full Participation in Practice,
2026,3,BAL,Trey Hendrickson,LB,,,,Full Participation in Practice,
2026,3,BAL,Zay Flowers,WR,Hamstring,,Questionable,Limited Participation in Practice,
2026,3,BAL,Zion Young,LB,,,,Full Participation in Practice,
2026,3,BUF,Ar'maj Reed-Adams,G,Elbow,,Questionable,Limited Participation in Practice,
2026,3,BUF,Bradley Chubb,LB,,,,Full Participation in Practice,
2026,3,BUF,DJ Moore,WR,Shoulder,,Questionable,Limited Participation in Practice,
2026,3,BUF,Ed Oliver,DT,Hip,,Questionable,Full Participation in Practice,
2026,3,BUF,Joe Andreessen,LB,,,,Full Participation in Practice,
2026,3,BUF,Jordan Hancock,CB,Hamstring,,Out,Did Not Participate In Practice,
2026,3,BUF,Keon Coleman,WR,Ankle,,Questionable,Limited Participation in Practice,
2026,3,BUF,T.J. Sanders,DE,Illness,,Out,Did Not Participate In Practice,
2026,3,BUF,Terrel Bernard,LB,,,,Did Not Participate In Practice,
2026,3,BUF,Ty Johnson,RB,,,,Full Participation in Practice,
2026,3,CAR,Bobby Brown III,DT,,,,Full Participation in Practice,
2026,3,CAR,Claudin Cherelus,LB,Shoulder,,Out,Did Not Participate In Practice,
2026,3,CAR,Darren Waller,TE,,,,Full Participation in Practice,
2026,3,CAR,Devin Lloyd,LB,Calf,,Out,Did Not Participate In Practice,
2026,3,CAR,Jaelan Phillips,LB,,,,Full Participation in Practice,
2026,3,CAR,Jalen Coker,WR,Ankle,,Questionable,Limited Participation in Practice,
2026,3,CAR,Nick Scott,S,Rib,,Out,Did Not Participate In Practice,
2026,3,CAR,Patrick Jones II,LB,,,,Full Participation in Practice,
2026,3,CAR,Xavier Legette,WR,Knee,,Questionable,Limited Participation in Practice,
2026,3,CHI,Cairo Santos,K,,,,Full Participation in Practice,
2026,3,CHI,Caleb Williams,QB,Hamstring,,Out,Did Not Participate In Practice,
2026,3,CHI,Grady Jarrett,DT,,,,Full Participation in Practice,
2026,3,CHI,Joe Thuney,G,,,,Full Participation in Practice,
2026,3,CHI,Kyle Monangai,RB,,,,Full Participation in Practice,
2026,3,CHI,Noah Sewell,LB,Achilles,,Out,Limited Participation in Practice,
2026,3,CHI,Shemar Turner,DE,Knee,,Out,Limited Participation in Practice,
2026,3,CHI,Tyrique Stevenson,CB,,,,Full Participation in Practice,
2026,3,CHI,Tyson Bagent,QB,Concussion,,Questionable,Full Participation in Practice,
2026,3,CIN,Andrei Iosivas,WR,Thumb,,Out,Did Not Participate In Practice,
2026,3,CIN,B.J. Hill,DT,Achilles,,Doubtful,Did Not Participate In Practice,
2026,3,CIN,Dexter Lawrence,DT,,,,Did Not Participate In Practice,
2026,3,CIN,Jonathan Allen,DT,,,,Full Participation in Practice,
2026,3,CLE,Grant Delpit,S,Shoulder,,Questionable,Limited Participation in Practice,
2026,3,CLE,Mason Graham,DT,,,,Full Participation in Practice,
2026,3,CLE,Quincy Williams,LB,,,,Full Participation in Practice,
2026,3,CLE,Quinshon Judkins,RB,,,,Full Participation in Practice,
2026,3,CLE,Teven Jenkins,G,Back,,Out,Did Not Participate In Practice,
2026,3,CLE,Tyson Campbell,CB,Ankle,Not injury related - other,Questionable,Limited Participation in Practice,
2026,3,CLE,Tytus Howard,T,,,,Full Participation in Practice,
2026,3,DAL,Cobie Durant,CB,Hamstring,,Out,Did Not Participate In Practice,
2026,3,DAL,DeMarvion Overshown,LB,Hamstring,,Out,Did Not Participate In Practice,
2026,3,DAL,James Houston,LB,,,,Full Participation in Practice,
2026,3,DAL,Malik Hooker,S,Forearm,,Out,Did Not Participate In Practice,
2026,3,DAL,P.J. Locke,S,Foot,,Out,Did Not Participate In Practice,
2026,3,DEN,J.K. Dobbins,RB,,,,Full Participation in Practice,
2026,3,DEN,Jonah Coleman,RB,Ankle,,Out,Did Not Participate In Practice,
2026,3,DEN,Marvin Mims Jr.,WR,Foot,,Questionable,Limited Participation in Practice,
2026,3,DEN,RJ Harvey,RB,,,,Full Participation in Practice,
2026,3,DET,Ahmed Hassanein,DE,,,,Full Participation in Practice,
2026,3,DET,Alim McNeill,DT,,,,Full Participation in Practice,
2026,3,DET,Ben Bartch,G,Foot,,Out,Did Not Participate In Practice,
2026,3,DET,Blake Miller,T,,,,Full Participation in Practice,
2026,3,DET,Christian Mahogany,G,,,,Full Participation in Practice,
2026,3,DET,Hogan Hatten,LS,,,,Full Participation in Practice,
2026,3,DET,Tate Ratledge,G,,,,Full Participation in Practice,
2026,3,DET,Thomas Harper,S,Ankle,,Out,Did Not Participate In Practice,
2026,3,GB,Aaron Banks,G,Knee,Toe,Out,Did Not Participate In Practice,
2026,3,GB,Anthony Belton,T,,,,Full Participation in Practice,
2026,3,GB,Anthony Campbell,DT,Ankle,,Questionable,Limited Participation in Practice,
2026,3,GB,Benjamin St-Juste,CB,,,,Full Participation in Practice,
2026,3,GB,Bo Melton,WR,,,,Full Participation in Practice,
2026,3,GB,Brandon Cisse,CB,,,,Full Participation in Practice,
2026,3,GB,Donovan Jennings,G,,,,Limited Participation in Practice,
2026,3,GB,Edgerrin Cooper,LB,,,,Limited Participation in Practice,
2026,3,GB,Javon Hargrave,DT,Knee,Concussion,Questionable,Limited Participation in Practice,
2026,3,GB,Jayden Reed,WR,Neck,,Out,Did Not Participate In Practice,
2026,3,GB,Warren Brinson,DT,Calf,,Out,Did Not Participate In Practice,
2026,3,GB,Zach Bako-Bewele,T,Knee,,Out,Did Not Participate In Practice,
2026,3,HOU,Dalton Schultz,TE,,,,Did Not Participate In Practice,
2026,3,HOU,Ed Ingram,G,Groin,,Out,Did Not Participate In Practice,
2026,3,HOU,Jacob Hummel,LB,Groin,,Out,Did Not Participate In Practice,
2026,3,HOU,Jadeveon Clowney,DE,Knee,,Out,Did Not Participate In Practice,
2026,3,HOU,Logan Hall,DE,,,,Did Not Participate In Practice,
2026,3,HOU,M.J. Stewart,S,Knee,,Out,Limited Participation in Practice,
2026,3,HOU,Nico Collins,WR,Hamstring,,Out,Did Not Participate In Practice,
2026,3,HOU,Reed Blankenship,S,,,,Full Participation in Practice,
2026,3,HOU,Trent Brown,T,Knee,Wrist,Questionable,Full Participation in Practice,
2026,3,HOU,Wade Woodaz,LB,,,,Full Participation in Practice,
2026,3,HOU,Will Anderson Jr.,DE,,,,Limited Participation in Practice,
2026,3,IND,Alec Pierce,WR,Heel,,Out,Did Not Participate In Practice,
2026,3,IND,Ashton Dulin,WR,Ankle,,Out,Did Not Participate In Practice,
2026,3,IND,Charvarius Ward,CB,Groin,,Questionable,Full Participation in Practice,
2026,3,IND,DeForest Buckner,DT,,,,Did Not Participate In Practice,
2026,3,IND,Grover Stewart,DT,,,,Full Participation in Practice,
2026,3,IND,Jonathan Taylor,RB,,,,Full Participation in Practice,
2026,3,IND,Keenan Allen,WR,,,,Full Participation in Practice,
2026,3,IND,Laquon Treadwell,WR,,,,Full Participation in Practice,
2026,3,IND,Matt Goncalves,G,,,,Full Participation in Practice,
2026,3,IND,Sauce Gardner,CB,,,,Full Participation in Practice,
2026,3,JAX,Albert Regis,DT,Elbow,,Doubtful,Limited Participation in Practice,
2026,3,JAX,Branson Combs,LB,,,,Full Participation in Practice,
2026,3,JAX,Christian Braswell,CB,,,,Full Participation in Practice,
2026,3,JAX,Cole Van Lanen,T,,,,Full Participation in Practice,
2026,3,JAX,DaVon Hamilton,DT,,,,Limited Participation in Practice,
2026,3,JAX,Jakobi Meyers,WR,,,,Full Participation in Practice,
2026,3,JAX,LeQuint Allen Jr.,RB,,,,Limited Participation in Practice,
2026,3,JAX,Robert Hainsey,C,,,,Full Participation in Practice,
2026,3,KC,Chamarri Conner,S,Knee,,Doubtful,Limited Participation in Practice,
2026,3,KC,Chris Jones,DT,,,,Limited Participation in Practice,
2026,3,KC,Felix Anudike-Uzomah,DE,,,,Full Participation in Practice,
2026,3,KC,Jack Cochrane,LB,,,,Full Participation in Practice,
2026,3,KC,Jaden Hicks,S,,,,Full Participation in Practice,
2026,3,KC,Jadon Canady,CB,,,,Full Participation in Practice,
2026,3,KC,Jeffrey Bassa,LB,,,,Full Participation in Practice,
2026,3,KC,Josh Simmons,T,Back,,Out,Did Not Participate In Practice,
2026,3,KC,L'Jarius Sneed,CB,,,,Limited Participation in Practice,
2026,3,KC,Mansoor Delane,CB,,,,Full Participation in Practice,
2026,3,KC,Patrick Mahomes,QB,,,,Full Participation in Practice,
2026,3,KC,Rashee Rice,WR,,,,Full Participation in Practice,
2026,3,LA,Aaron Donald,DT,,,,Did Not Participate In Practice,
2026,3,LA,Alaric Jackson,T,,,,Full Participation in Practice,
2026,3,LA,Byron Young,LB,,,,Did Not Participate In Practice,
2026,3,LA,Colby Parkinson,TE,Knee,,Questionable,Did Not Participate In Practice,
2026,3,LA,Jordan Whittington,WR,,,,Full Participation in Practice,
2026,3,LA,Kamren Kinchens,S,Hamstring,,Doubtful,Did Not Participate In Practice,
2026,3,LA,Nate Landman,LB,,,,Limited Participation in Practice,
2026,3,LA,Puka Nacua,WR,Hip,,Doubtful,Did Not Participate In Practice,
2026,3,LA,Quentin Lake,S,,,,Full Participation in Practice,
2026,3,LA,Terrance Ferguson,TE,,,,Full Participation in Practice,
2026,3,LAC,Brenen Thompson,WR,Quadricep,,Out,Did Not Participate In Practice,
2026,3,LAC,Charlie Kolar,TE,Forearm,,Out,Did Not Participate In Practice,
2026,3,LAC,Cole Strange,G,,,,Full Participation in Practice,
2026,3,LAC,Dalvin Tomlinson,DT,Hamstring,,Out,Did Not Participate In Practice,
2026,3,LAC,Deane Leonard,CB,,,,Full Participation in Practice,
2026,3,LAC,Derwin James,S,,,,Full Participation in Practice,
2026,3,LAC,Elijah Molden,S,Hamstring,,Out,Did Not Participate In Practice,
2026,3,LAC,Kayode Awosika,G,Fibula,,Out,Did Not Participate In Practice,
2026,3,LAC,Khalil Mack,DE,,,,Full Participation in Practice,
2026,3,LAC,Ladd McConkey,WR,,,,Full Participation in Practice,
2026,3,LAC,Rashawn Slater,T,,,,Full Participation in Practice,
2026,3,LAC,Rodney Shelley,CB,Hamstring,,Questionable,Limited Participation in Practice,
2026,3,LAC,Trey Lance,QB,Groin,,Questionable,Limited Participation in Practice,
2026,3,LAC,Trey Pipkins,T,Knee,,Out,Did Not Participate In Practice,
2026,3,LAC,Tuli Tuipulotu,DE,,,,Full Participation in Practice,
2026,3,LV,Aidan O'Connell,QB,Not injury related - personal matter,,Questionable,Did Not Participate In Practice,
2026,3,LV,Brock Bowers,TE,Knee,,Questionable,Did Not Participate In Practice,
2026,3,LV,Dareke Young,WR,,,,Full Participation in Practice,
2026,3,LV,Darien Porter,CB,,,,Full Participation in Practice,
2026,3,LV,Foley Fatukasi,DT,,,,Full Participation in Practice,
2026,3,LV,JJ Pegues,DT,,,,Full Participation in Practice,
2026,3,LV,Kwity Paye,DE,Illness,,Questionable,Limited Participation in Practice,
2026,3,LV,Nakobe Dean,LB,,,,Full Participation in Practice,
2026,3,LV,Segun Olubi,LB,,,,Full Participation in Practice,
2026,3,LV,Treydan Stukes,S,Concussion,,Out,Did Not Participate In Practice,
2026,3,MIA,Caleb Douglas,WR,Ankle,,Out,Did Not Participate In Practice,
2026,3,MIA,Chop Robinson,LB,,,,Full Participation in Practice,
2026,3,MIA,Chris Bell,WR,,,,Full Participation in Practice,
2026,3,MIA,Chris Johnson,CB,,,,Full Participation in Practice,
2026,3,MIA,Jaylen Wright,RB,Stinger,Foot,Doubtful,Did Not Participate In Practice,
2026,3,MIA,Julius Brents,CB,Knee,,Questionable,Full Participation in Practice,
2026,3,MIA,Rob Beal Jr.,DE,Hamstring,,Out,Did Not Participate In Practice,
2026,3,MIA,Ryan Miller,WR,Hip,Back,Questionable,Full Participation in Practice,
2026,3,MIA,Seydou Traore,TE,,,,Full Participation in Practice,
2026,3,MIA,Tucker Addington,LS,,,,Limited Participation in Practice,
2026,3,MIN,Aaron Jones,RB,,,,Full Participation in Practice,
2026,3,MIN,Brett Thorson,P,Hamstring,,Out,Did Not Participate In Practice,
2026,3,MIN,Brian O'Neill,T,,,,Full Participation in Practice,
2026,3,MIN,Christian Darrisaw,T,,,,Did Not Participate In Practice,
2026,3,MIN,DeeJay Dallas,RB,,,,Full Participation in Practice,
2026,3,MIN,Harrison Smith,S,,,,Limited Participation in Practice,
2026,3,MIN,Jake Golday,LB,,,,Full Participation in Practice,
2026,3,MIN,Jalen Redmond,DE,,,,Full Participation in Practice,
2026,3,MIN,Nick Samac,C,Knee,,Out,Did Not Participate In Practice,
2026,3,MIN,Tyrion Ingram-Dawkins,DE,,,,Full Participation in Practice,
2026,3,NE,Brenden Schooler,S,Back,,Out,Limited Participation in Practice,
2026,3,NE,Carlton Davis III,CB,,,,Full Participation in Practice,
2026,3,NE,Craig Woodson,S,Shoulder,,Questionable,Limited Participation in Practice,
2026,3,NE,DaQuan Jones,DT,,,,Full Participation in Practice,
2026,3,NE,Dametrious Crownover,T,,,,Full Participation in Practice,
2026,3,NE,Dre'Mont Jones,LB,Shoulder,,Out,Did Not Participate In Practice,
2026,3,NE,Eli Raridon,TE,Thigh,,Questionable,Did Not Participate In Practice,
2026,3,NE,Morgan Moses,T,,,,Limited Participation in Practice,
2026,3,NE,Quintayvious Hutchins,LB,Knee,,Out,Did Not Participate In Practice,
2026,3,NE,Reggie Gilliam,FB,,,,Limited Participation in Practice,
2026,3,NO,Barion Brown,WR,Hamstring,,Out,Did Not Participate In Practice,
2026,3,NO,Chase Young,LB,,,,Full Participation in Practice,
2026,3,NO,Christen Miller,DT,Toe,,Out,Did Not Participate In Practice,
2026,3,NO,Davon Godchaux,DT,,,,Full Participation in Practice,
2026,3,NO,Isaiah Stalbird,LB,,,,Full Participation in Practice,
2026,3,NO,Jonas Sanker,S,,,,Full Participation in Practice,
2026,3,NO,Kendre Miller,RB,,,,Full Participation in Practice,
2026,3,NO,Martin Emerson,CB,Shoulder,,Questionable,Limited Participation in Practice,
2026,3,NO,Nathan Shepherd,DT,,,,Limited Participation in Practice,
2026,3,NO,Travis Etienne,RB,,,,Full Participation in Practice,
2026,3,NYG,Andrew Thomas,T,,,,Limited Participation in Practice,
2026,3,NYG,Brian Burns,LB,Ankle,,Questionable,Did Not Participate In Practice,
2026,3,NYG,Deonte Banks,CB,Calf,,Questionable,Limited Participation in Practice,
2026,3,NYG,Francis Mauigoa,T,,,,Full Participation in Practice,
2026,3,NYG,Greg Newsome II,CB,,,,Full Participation in Practice,
2026,3,NYG,Jaxson Dart,QB,,,,Did Not Participate In Practice,
2026,3,NYG,Jermaine Eluemunor,T,,,,Full Participation in Practice,
2026,3,NYG,Malik Nabers,WR,,,,Full Participation in Practice,
2026,3,NYG,Micah McFadden,LB,,,,Full Participation in Practice,
2026,3,NYG,Nic Jones,CB,,,,Full Participation in Practice,
2026,3,NYG,Shelby Harris,DT,,,,Full Participation in Practice,
2026,3,NYG,Tyler Nubin,S,Calf,,Questionable,Limited Participation in Practice,
2026,3,NYJ,Adonai Mitchell,WR,Finger,,Questionable,Limited Participation in Practice,
2026,3,NYJ,David Bailey,DE,,,,Full Participation in Practice,
2026,3,NYJ,Francisco Mauigoa,LB,Quadricep,,Out,Did Not Participate In Practice,
2026,3,NYJ,Joseph Ossai,DE,Foot,,Questionable,Full Participation in Practice,
2026,3,NYJ,Kene Nwangwu,RB,Back,,Doubtful,Did Not Participate In Practice,
2026,3,NYJ,Mason Taylor,TE,Thumb,,Out,Did Not Participate In Practice,
2026,3,NYJ,Minkah Fitzpatrick,S,Groin,,Out,Did Not Participate In Practice,
2026,3,PHI,Andrew Mukuba,S,,,,Full Participation in Practice,
2026,3,PHI,Dallas Goedert,TE,Knee,,Out,Did Not Participate In Practice,
2026,3,PHI,DeVonta Smith,WR,,,,Full Participation in Practice,
2026,3,PHI,Fred Johnson,T,Knee,,Out,Did Not Participate In Practice,
2026,3,PHI,Jalen Carter,DT,,,,Full Participation in Practice,
2026,3,PHI,Jonathan Greenard,LB,Pectoral,,Questionable,Full Participation in Practice,
2026,3,PHI,Marquise Brown,WR,Ankle,,Out,Did Not Participate In Practice,
2026,3,PHI,Saquon Barkley,RB,,,,Full Participation in Practice,
2026,3,PHI,Tank Bigsby,RB,,,,Full Participation in Practice,
2026,3,PHI,Tyler Steen,G,,,,Full Participation in Practice,
2026,3,PHI,Will Shipley,RB,,,,Limited Participation in Practice,
2026,3,PIT,Cole Holcomb,LB,,,,Full Participation in Practice,
2026,3,PIT,Gennings Dunker,G,Knee,,Out,Did Not Participate In Practice,
2026,3,PIT,Jalen Ramsey,CB,,,,Full Participation in Practice,
2026,3,PIT,Jamel Dean,CB,Ankle,,Questionable,Limited Participation in Practice,
2026,3,PIT,Jaylen Warren,RB,Shoulder,,Questionable,Limited Participation in Practice,
2026,3,PIT,Joey Porter Jr.,CB,Not injury related - other,,Questionable,Limited Participation in Practice,
2026,3,PIT,Michael Pittman,WR,Foot,,Questionable,Limited Participation in Practice,
2026,3,PIT,Rico Dowdle,RB,Toe,,Out,Did Not Participate In Practice,
2026,3,SEA,Brady Russell,FB,,,,Full Participation in Practice,
2026,3,SEA,Brandon Pili,DT,Concussion,Neck,Questionable,Limited Participation in Practice,
2026,3,SEA,Cooper Kupp,WR,,,,Limited Participation in Practice,
2026,3,SEA,Ernest Jones,LB,,,,Full Participation in Practice,
2026,3,SEA,George Holani,RB,,,,Full Participation in Practice,
2026,3,SEA,Jadarian Price,RB,,,,Full Participation in Practice,
2026,3,SEA,Julian Love,S,Calf,,Out,Did Not Participate In Practice,
2026,3,SEA,Nick Emmanwori,S,,,,Full Participation in Practice,
2026,3,SEA,Sam Darnold,QB,,,,Full Participation in Practice,
2026,3,SEA,Ty Okada,S,Hamstring,,Out,Did Not Participate In Practice,
2026,3,SF,Christian McCaffrey,RB,,,,Full Participation in Practice,
2026,3,SF,Demarcus Robinson,WR,Ankle,,Out,Did Not Participate In Practice,
2026,3,SF,Dre Greenlaw,LB,,,,Full Participation in Practice,
2026,3,SF,James Thompson Jr.,DT,Ankle,,Out,Did Not Participate In Practice,
2026,3,SF,Mike Evans,WR,Hip,,Questionable,Limited Participation in Practice,
2026,3,SF,Nick Bosa,DE,Knee,Calf,Out,Did Not Participate In Practice,
2026,3,SF,Romello Height,DE,Hand,,Out,Did Not Participate In Practice,
2026,3,SF,Trent Williams,T,,,,Full Participation in Practice,
2026,3,TB,A'Shawn Robinson,DE,,,,Full Participation in Practice,
2026,3,TB,Anthony Nelson,LB,,,,Full Participation in Practice,
2026,3,TB,Baker Mayfield,QB,,,,Full Participation in Practice,
2026,3,TB,Jacob Parrish,CB,,,,Full Participation in Practice,
2026,3,TB,Jalen McMillan,WR,,,,Full Participation in Practice,
2026,3,TB,Josiah Trotter,LB,Shoulder,,Out,Limited Participation in Practice,
2026,3,TB,Rueben Bain Jr.,LB,Groin,,Out,Did Not Participate In Practice,
2026,3,TEN,Cordale Flott,CB,Quadricep,,Questionable,Limited Participation in Practice,
2026,3,TEN,Daniel Bellinger,TE,,,,Limited Participation in Practice,
2026,3,TEN,Fernando Carmona,G,,,,Full Participation in Practice,
2026,3,TEN,James Williams,LB,,,,Full Participation in Practice,
2026,3,TEN,Marcus Harris,CB,,,,Full Participation in Practice,
2026,3,TEN,Micah Robinson,CB,,,,Full Participation in Practice,
2026,3,TEN,Solomon Thomas,DT,,,,Full Participation in Practice,
2026,3,TEN,Tony Pollard,RB,,,,Limited Participation in Practice,
2026,3,TEN,Tyjae Spears,RB,Ankle,,Questionable,Limited Participation in Practice,
2026,3,WAS,Brandon Coleman,T,,,,Full Participation in Practice,
2026,3,WAS,Charles Omenihu,DE,,,,Full Participation in Practice,
2026,3,WAS,Chig Okonkwo,TE,Hamstring,,Out,Did Not Participate In Practice,
2026,3,WAS,Dorance Armstrong,LB,,,,Full Participation in Practice,
2026,3,WAS,Drew Stevens,K,,,,Full Participation in Practice,
2026,3,WAS,Frankie Luvu,LB,Groin,,Out,Did Not Participate In Practice,
2026,3,WAS,Javon Kinlaw,DT,,,,Full Participation in Practice,
2026,3,WAS,Jayden Daniels,QB,Elbow,,Out,Did Not Participate In Practice,
2026,3,WAS,Jaylin Lane,WR,,,,Full Participation in Practice,
2026,3,WAS,Jeremy Reaves,S,,,,Full Participation in Practice,
2026,3,WAS,Kaytron Allen,RB,,,,Full Participation in Practice,
2026,3,WAS,Leo Chenal,LB,,,,Limited Participation in Practice,
2026,3,WAS,Nick Cross,S,Illness,,Out,Did Not Participate In Practice,
2026,3,WAS,Percy Butler,S,,,,Full Participation in Practice,
2026,3,WAS,Sam Cosmi,G,Concussion,Throat,Out,Did Not Participate In Practice,
2026,3,WAS,Tyler Owens,S,,,,Full Participation in Practice,
2026,2,ARI,Andrew Billings,DT,Knee,,Questionable,Limited Participation in Practice,
2026,2,ARI,Budda Baker,S,,,,Full Participation in Practice,
2026,2,ARI,Cody Simon,LB,,,,Full Participation in Practice,
2026,2,ARI,Dadrion Taylor-Demerson,S,Ribs,,Questionable,Limited Participation in Practice,
2026,2,ARI,Garrett Williams,CB,Achilles,,Out,Limited Participation in Practice,
2026,2,ARI,Isaac Seumalo,G,Shoulder,,Questionable,Limited Participation in Practice,
2026,2,ARI,Isaiah Adams,G,Knee,,Questionable,Limited Participation in Practice,
2026,2,ARI,Jack Gibbens,LB,,,,Full Participation in Practice,
2026,2,ARI,Josh Sweat,LB,,,,Full Participation in Practice,
2026,2,ARI,Max Melton,CB,Ankle,,Questionable,Limited Participation in Practice,
2026,2,ARI,Roy Lopez,DT,Groin,,Questionable,Limited Participation in Practice,
2026,2,ARI,Trey McBride,TE,,,,Full Participation in Practice,
2026,2,ATL,A.J. Terrell,CB,Shoulder,,Questionable,Did Not Participate In Practice,
2026,2,ATL,Billy Bowman Jr.,CB,Achilles,,Out,Full Participation in Practice,
2026,2,ATL,Chris Lindstrom,G,Concussion,,Questionable,Full Participation in Practice,
2026,2,ATL,Cooper Rush,QB,,,,Full Participation in Practice,
2026,2,ATL,Jake Matthews,T,,,,Did Not Participate In Practice,
2026,2,ATL,Jawaan Taylor,T,,,,Full Participation in Practice,
2026,2,ATL,Kendal Daniels,LB,,,,Full Participation in Practice,
2026,2,ATL,Michael Penix Jr.,QB,Knee,,Out,Full Participation in Practice,
2026,2,ATL,Ryan Neuzil,C,,,,Did Not Participate In Practice,
2026,2,ATL,Tua Tagovailoa,QB,Oblique,,Doubtful,Did Not Participate In Practice,
2026,2,ATL,Za'Darius Smith,DE,,,,Did Not Participate In Practice,
2026,2,BAL,Calais Campbell,DT,,,,Full Participation in Practice,
2026,2,BAL,Devontez Walker,WR,,,,Full Participation in Practice,
2026,2,BAL,Jaylinn Hawkins,S,,,,Full Participation in Practice,
2026,2,BAL,John Simpson,G,Groin,,Questionable,Limited Participation in Practice,
2026,2,BAL,Keondre Jackson,S,,,,Full Participation in Practice,
2026,2,BAL,Nnamdi Madubuike,DT,Neck,,Out,Limited Participation in Practice,
2026,2,BAL,Ronnie Stanley,T,Toe,,Questionable,Limited Participation in Practice,
2026,2,BAL,T.J. Tampa,CB,Knee,,Out,Did Not Participate In Practice,
2026,2,BAL,Teddye Buchanan,LB,Knee,,Out,Limited Participation in Practice,
2026,2,BAL,Trey Hendrickson,LB,Finger,,Questionable,Limited Participation in Practice,
2026,2,BAL,Zay Flowers,WR,Hamstring,,Doubtful,Limited Participation in Practice,
2026,2,BUF,Bradley Chubb,LB,,,,Full Participation in Practice,
2026,2,BUF,Cole Bishop,S,Knee,Groin,Questionable,Limited Participation in Practice,
2026,2,BUF,Jordan Hancock,CB,,,,Full Participation in Practice,
2026,2,BUF,T.J. Sanders,DE,Knee,Illness,Questionable,Limited Participation in Practice,
2026,2,BUF,Terrel Bernard,LB,,,,Limited Participation in Practice,
2026,2,BUF,Ty Johnson,RB,Hamstring,,Questionable,Limited Participation in Practice,
2026,2,CAR,Bobby Brown III,DT,Back,,Out,Did Not Participate In Practice,
2026,2,CAR,Darren Waller,TE,,,,Full Participation in Practice,
2026,2,CAR,Jalen Coker,WR,,,,Full Participation in Practice,
2026,2,CAR,Patrick Jones II,LB,Back,,Questionable,Limited Participation in Practice,
2026,2,CHI,D'Andre Swift,RB,,,,Full Participation in Practice,
2026,2,CHI,Darnell Wright,T,,,,Full Participation in Practice,
2026,2,CHI,Dayo Odeyingbo,DE,,,,Full Participation in Practice,
2026,2,CHI,Grady Jarrett,DT,,,,Full Participation in Practice,
2026,2,CHI,Joe Thuney,G,,,,Full Participation in Practice,
2026,2,CHI,Kyle Monangai,RB,,,,Full Participation in Practice,
2026,2,CHI,Malik Muhammad,CB,,,,Full Participation in Practice,
2026,2,CHI,Neville Gallimore,DT,,,,Full Participation in Practice,
2026,2,CHI,Ozzy Trapilo,T,,,,Full Participation in Practice,
2026,2,CHI,Xavier Woods,S,,,,Full Participation in Practice,
2026,2,CIN,B.J. Hill,DT,Achilles,,Questionable,Did Not Participate In Practice,
2026,2,CIN,Daxton Hill,CB,,,,Full Participation in Practice,
2026,2,CIN,Dexter Lawrence,DT,,,,Did Not Participate In Practice,
2026,2,CIN,Joe Burrow,QB,Back,,Questionable,Full Participation in Practice,
2026,2,CIN,Jonathan Allen,DT,,,,Full Participation in Practice,
2026,2,CIN,Samaje Perine,RB,,,,Did Not Participate In Practice,
2026,2,CIN,Shemar Stewart,DE,,,,Full Participation in Practice,
2026,2,CLE,Dawand Jones,T,,,,Full Participation in Practice,
2026,2,CLE,Elgton Jenkins,C,,,,Full Participation in Practice,
2026,2,CLE,Jerry Jeudy,WR,,,,Full Participation in Practice,
2026,2,CLE,Maliek Collins,DT,,,,Limited Participation in Practice,
2026,2,CLE,Noah Igbinoghene,CB,Hand,,Questionable,,
2026,2,CLE,Parker Brailsford,C,,,,Full Participation in Practice,
2026,2,CLE,Teven Jenkins,G,Back,,Out,Did Not Participate In Practice,
2026,2,CLE,Tyson Campbell,CB,Ankle,,Questionable,Limited Participation in Practice,
2026,2,CLE,Zion Johnson,G,,,,Full Participation in Practice,
2026,2,DAL,Ajani Cornelius,T,,,,Full Participation in Practice,
2026,2,DAL,DeMarvion Overshown,LB,Hamstring,,Out,Did Not Participate In Practice,
2026,2,DAL,James Houston,LB,,,,Full Participation in Practice,
2026,2,DAL,Malik Hooker,S,Forearm,,Out,Did Not Participate In Practice,
2026,2,DEN,Jonah Elliss,LB,,,,Full Participation in Practice,
2026,2,DEN,Marvin Mims Jr.,WR,Foot,,Out,Did Not Participate In Practice,
2026,2,DEN,RJ Harvey,RB,Hamstring,,Questionable,Limited Participation in Practice,
2026,2,DEN,Troy Franklin,WR,,,,Full Participation in Practice,
2026,2,DET,Blake Miller,T,Knee,,Out,Did Not Participate In Practice,
2026,2,DET,Christian Izien,S,,,,Full Participation in Practice,
2026,2,DET,Christian Mahogany,G,Hip,,Out,Did Not Participate In Practice,
2026,2,DET,D.J. Reed,CB,Foot,,Questionable,Limited Participation in Practice,
2026,2,DET,Juice Scruggs,G,,,,Full Participation in Practice,
2026,2,GB,Aaron Banks,G,Knee,,Questionable,Limited Participation in Practice,
2026,2,GB,Barryn Sorrell,LB,,,,Limited Participation in Practice,
2026,2,GB,Benjamin St-Juste,CB,Hamstring,,Questionable,Limited Participation in Practice,
2026,2,GB,Brandon Cisse,CB,,,,Full Participation in Practice,
2026,2,GB,Devonte Wyatt,DT,,,,Limited Participation in Practice,
2026,2,GB,Javon Hargrave,DT,Knee,Concussion,Doubtful,Did Not Participate In Practice,
2026,2,GB,Lukas Van Ness,LB,Concussion,,Questionable,Limited Participation in Practice,
2026,2,GB,Ty'Ron Hopper,LB,,,,Limited Participation in Practice,
2026,2,GB,Warren Brinson,DT,Calf,,Out,Did Not Participate In Practice,
2026,2,GB,Zach Bako-Bewele,T,Knee,,Questionable,Limited Participation in Practice,
2026,2,HOU,Dalton Schultz,TE,,,,Did Not Participate In Practice,
2026,2,HOU,Ed Ingram,G,Groin,,Out,Did Not Participate In Practice,
2026,2,HOU,Jacob Hummel,LB,Groin,,Out,Did Not Participate In Practice,
2026,2,HOU,Jadeveon Clowney,DE,Knee,,Out,Did Not Participate In Practice,
2026,2,HOU,Logan Hall,DE,,,,Did Not Participate In Practice,
2026,2,HOU,Nico Collins,WR,Hamstring,,Out,Did Not Participate In Practice,
2026,2,HOU,Trent Brown,T,,,,Full Participation in Practice,
2026,2,HOU,Wade Woodaz,LB,,,,Full Participation in Practice,
2026,2,HOU,Will Anderson Jr.,DE,,,,Limited Participation in Practice,
2026,2,IND,Akeem Davis-Gaither,LB,,,,Full Participation in Practice,
2026,2,IND,Alec Pierce,WR,,,,Full Participation in Practice,
2026,2,IND,Anthony Richardson,QB,,,,Full Participation in Practice,
2026,2,IND,Ashton Dulin,WR,Ankle,,Out,Did Not Participate In Practice,
2026,2,IND,Austin Ajiake,LB,,,,Full Participation in Practice,
2026,2,IND,Charvarius Ward,CB,,,,Did Not Participate In Practice,
2026,2,IND,DJ Giddens,RB,Knee,,Questionable,Full Participation in Practice,
2026,2,IND,DeForest Buckner,DT,,,,Did Not Participate In Practice,
2026,2,IND,Grover Stewart,DT,,,,Full Participation in Practice,
2026,2,IND,Keenan Allen,WR,,,,Full Participation in Practice,
2026,2,IND,Sauce Gardner,CB,,,,Full Participation in Practice,
2026,2,JAX,Brian Thomas Jr.,WR,,,,Limited Participation in Practice,
2026,2,JAX,Christian Braswell,CB,,,,Full Participation in Practice,
2026,2,JAX,Cole Van Lanen,T,,,,Full Participation in Practice,
2026,2,JAX,Foyesade Oluokun,LB,,,,Full Participation in Practice,
2026,2,JAX,Jakobi Meyers,WR,,,,Limited Participation in Practice,
2026,2,JAX,LeQuint Allen Jr.,RB,,,,Limited Participation in Practice,
2026,2,KC,Ashton Gillotte,DE,,,,Full Participation in Practice,
2026,2,KC,Chamarri Conner,S,Knee,,Out,Did Not Participate In Practice,
2026,2,KC,Chris Jones,DT,Calf,,Questionable,Limited Participation in Practice,
2026,2,KC,Josh Simmons,T,Back,,Out,Did Not Participate In Practice,
2026,2,KC,L'Jarius Sneed,CB,,,,Full Participation in Practice,
2026,2,KC,Mansoor Delane,CB,Shoulder,,Questionable,Limited Participation in Practice,
2026,2,KC,Patrick Mahomes,QB,,,,Full Participation in Practice,
2026,2,KC,R Mason Thomas,DE,,,,Full Participation in Practice,
2026,2,KC,Rashee Rice,WR,,,,Full Participation in Practice,
2026,2,LA,Aaron Donald,DT,,,,Did Not Participate In Practice,
2026,2,LA,Alaric Jackson,T,,,,Did Not Participate In Practice,
2026,2,LA,Byron Young,LB,,,,Did Not Participate In Practice,
2026,2,LA,Davante Adams,WR,,,,Full Participation in Practice,
2026,2,LA,Jordan Whittington,WR,Quadricep,,Doubtful,Did Not Participate In Practice,
2026,2,LA,Kam Curl,S,,,,Limited Participation in Practice,
2026,2,LA,Kamren Kinchens,S,Hamstring,,Out,Did Not Participate In Practice,
2026,2,LA,Nate Landman,LB,,,,Limited Participation in Practice,
2026,2,LA,Omar Speights,LB,,,,Full Participation in Practice,
2026,2,LA,Puka Nacua,WR,Hip,,Questionable,Did Not Participate In Practice,
2026,2,LA,Tyler Higbee,TE,,,,Did Not Participate In Practice,
2026,2,LAC,Akheem Mesidor,DE,,,,Full Participation in Practice,
2026,2,LAC,Bud Dupree,DE,,,,Full Participation in Practice,
2026,2,LAC,Dalvin Tomlinson,DT,,,,Full Participation in Practice,
2026,2,LAC,Deane Leonard,CB,Abdomen,,Questionable,Limited Participation in Practice,
2026,2,LAC,Derius Davis,WR,,,,Full Participation in Practice,
2026,2,LAC,Elijah Molden,S,Hamstring,,Out,Did Not Participate In Practice,
2026,2,LAC,Khalil Mack,DE,,,,Full Participation in Practice,
2026,2,LAC,Ladd McConkey,WR,Rib,,Questionable,Limited Participation in Practice,
2026,2,LAC,Teair Tart,DT,,,,Full Participation in Practice,
2026,2,LAC,Trey Pipkins,T,Knee,,Out,Did Not Participate In Practice,
2026,2,LV,Aidan O'Connell,QB,Not injury related - personal matter,,Questionable,Did Not Participate In Practice,
2026,2,LV,Ashton Jeanty,RB,,,,Full Participation in Practice,
2026,2,LV,Brock Bowers,TE,Knee,,Doubtful,Limited Participation in Practice,
2026,2,LV,Darien Porter,CB,Foot,,Out,Did Not Participate In Practice,
2026,2,MIA,Chop Robinson,LB,Concussion,,Out,Did Not Participate In Practice,
2026,2,MIA,Dante Trader Jr.,S,,,,Full Participation in Practice,
2026,2,MIA,Malik Willis,QB,,,,Full Participation in Practice,
2026,2,MIA,Ronnie Harrison,LB,Hamstring,,Out,Did Not Participate In Practice,
2026,2,MIA,Seydou Traore,TE,,,,Limited Participation in Practice,
2026,2,MIA,Tucker Addington,LS,Shoulder,,Questionable,Limited Participation in Practice,
2026,2,MIN,Andrew Van Ginkel,LB,,,,Full Participation in Practice,
2026,2,MIN,Blake Cashman,LB,,,,Full Participation in Practice,
2026,2,MIN,Brian O'Neill,T,Knee,,Questionable,Limited Participation in Practice,
2026,2,MIN,Christian Darrisaw,T,,,,Did Not Participate In Practice,
2026,2,MIN,Harrison Smith,S,,,,Limited Participation in Practice,
2026,2,MIN,Jauan Jennings,WR,Not injury related - personal matter,,Out,Did Not Participate In Practice,
2026,2,MIN,Kyler Murray,QB,Concussion,,Out,Limited Participation in Practice,
2026,2,NE,Ben Brown,C,Knee,,Questionable,Limited Participation in Practice,
2026,2,NE,Carlton Davis III,CB,Neck,,Out,Did Not Participate In Practice,
2026,2,NE,Dametrious Crownover,T,Knee,,Out,Did Not Participate In Practice,
2026,2,NE,Dre'Mont Jones,LB,Foot,,Questionable,Limited Participation in Practice,
2026,2,NE,Robert Spillane,LB,,,,Full Participation in Practice,
2026,2,NE,TreVeyon Henderson,RB,,,,Full Participation in Practice,
2026,2,NO,Alvin Kamara,RB,,,,Full Participation in Practice,
2026,2,NO,Cameron Jordan,LB,,,,Full Participation in Practice,
2026,2,NO,Chase Young,LB,Calf,,Questionable,Limited Participation in Practice,
2026,2,NO,Chris Olave,WR,Hamstring,,Questionable,Limited Participation in Practice,
2026,2,NO,Christen Miller,DT,Toe,,Questionable,Limited Participation in Practice,
2026,2,NO,Davon Godchaux,DT,,,,Full Participation in Practice,
2026,2,NO,Isaiah Stalbird,LB,Shoulder,,Doubtful,Did Not Participate In Practice,
2026,2,NO,Juwan Johnson,TE,,,,Full Participation in Practice,
2026,2,NO,Oscar Delp,TE,,,,Full Participation in Practice,
2026,2,NO,Zach Wood,LS,Calf,,Out,Did Not Participate In Practice,
2026,2,NYG,Andrew Thomas,T,,,,Limited Participation in Practice,
2026,2,NYG,Chauncey Golston,DE,,,,Full Participation in Practice,
2026,2,NYG,Deonte Banks,CB,Calf,,Questionable,Did Not Participate In Practice,
2026,2,NYG,Francis Mauigoa,T,,,,Full Participation in Practice,
2026,2,NYG,Greg Newsome II,CB,,,,Full Participation in Practice,
2026,2,NYG,Micah McFadden,LB,Neck,,Questionable,Limited Participation in Practice,
2026,2,NYG,Paulson Adebo,CB,,,,Did Not Participate In Practice,
2026,2,NYJ,D'Angelo Ponds,CB,,,,Full Participation in Practice,
2026,2,NYJ,David Onyemata,DT,,,,Full Participation in Practice,
2026,2,NYJ,Jamien Sherwood,LB,,,,Full Participation in Practice,
2026,2,NYJ,Jarvis Brownlee Jr.,CB,,,,Full Participation in Practice,
2026,2,NYJ,Joseph Ossai,DE,Foot,,Out,Did Not Participate In Practice,
2026,2,NYJ,Kene Nwangwu,RB,Back,,Out,Did Not Participate In Practice,
2026,2,NYJ,Minkah Fitzpatrick,S,Groin,,Out,Did Not Participate In Practice,
2026,2,NYJ,Omar Cooper Jr.,WR,Ankle,,Out,Did Not Participate In Practice,
2026,2,NYJ,Will McDonald IV,DE,Ankle,,Questionable,Limited Participation in Practice,
2026,2,PHI,Andrew Mukuba,S,Knee,,Questionable,Limited Participation in Practice,
2026,2,PHI,Cooper DeJean,CB,,,,Full Participation in Practice,
2026,2,PHI,Elijah Moore,WR,,,,Full Participation in Practice,
2026,2,PHI,Jalen Carter,DT,,,,Limited Participation in Practice,
2026,2,PHI,Jonathan Greenard,LB,Pectoral,,Out,Limited Participation in Practice,
2026,2,PHI,Marquise Brown,WR,,,,Full Participation in Practice,
2026,2,PIT,Cameron Heyward,DT,,,,Full Participation in Practice,
2026,2,PIT,Darnell Washington,TE,,,,Full Participation in Practice,
2026,2,PIT,Joey Porter Jr.,CB,Back,,Out,Limited Participation in Practice,
2026,2,PIT,Michael Pittman,WR,Foot,,Questionable,Did Not Participate In Practice,
2026,2,PIT,Troy Fautanu,T,Ankle,,Questionable,Full Participation in Practice,
2026,2,SEA,Anthony Bradford,G,Knee,Hip,Out,Did Not Participate In Practice,
2026,2,SEA,Cooper Kupp,WR,,,,Full Participation in Practice,
2026,2,SEA,Josh Jobe,CB,,,,Full Participation in Practice,
2026,2,SEA,Josh Jones,T,,,,Full Participation in Practice,
2026,2,SEA,Nick Emmanwori,S,Ankle,Hip,Questionable,Limited Participation in Practice,
2026,2,SEA,Sam Darnold,QB,Glute,,Out,Did Not Participate In Practice,
2026,2,SEA,Tory Horton,WR,,,,Full Participation in Practice,
2026,2,SEA,Ty Okada,S,Hamstring,,Out,Did Not Participate In Practice,
2026,2,SF,Christian McCaffrey,RB,,,,Full Participation in Practice,
2026,2,SF,De'Zhaun Stribling,WR,Ankle,,Out,Did Not Participate In Practice,
2026,2,SF,Dre Greenlaw,LB,,,,Full Participation in Practice,
2026,2,SF,Eddy Pineiro,K,Illness,,Questionable,Did Not Participate In Practice,
2026,2,SF,George Kittle,TE,,,,Full Participation in Practice,
2026,2,SF,Kaelon Black,RB,Groin,,Questionable,Limited Participation in Practice,
2026,2,SF,Keion White,DE,,,,Full Participation in Practice,
2026,2,SF,Khalid Kareem,DE,,,,Full Participation in Practice,
2026,2,SF,Kyle Juszczyk,FB,,,,Full Participation in Practice,
2026,2,SF,Nick Bosa,DE,,,,Full Participation in Practice,
2026,2,SF,Trent Williams,T,,,,Full Participation in Practice,
2026,2,SF,Upton Stout,CB,,,,Full Participation in Practice,
2026,2,TB,A'Shawn Robinson,DT,,,,Did Not Participate In Practice,
2026,2,TB,Christian Rozeboom,LB,,,,Full Participation in Practice,
2026,2,TB,Jacob Parrish,CB,Back,,Questionable,Full Participation in Practice,
2026,2,TB,Jalen McMillan,WR,Knee,,Questionable,Full Participation in Practice,
2026,2,TB,Justin Skule,T,,,,Full Participation in Practice,
2026,2,TB,Miles Killebrew,S,Concussion,,Questionable,Full Participation in Practice,
2026,2,TB,Sean Tucker,RB,,,,Full Participation in Practice,
2026,2,TEN,Cedric Gray,LB,Concussion,,Questionable,Full Participation in Practice,
2026,2,TEN,Cordale Flott,CB,Quadricep,,Questionable,Did Not Participate In Practice,
2026,2,TEN,James Williams,LB,Elbow,,Questionable,Limited Participation in Practice,
2026,2,WAS,Charles Omenihu,DE,,,,Limited Participation in Practice,
2026,2,WAS,Chig Okonkwo,TE,Hamstring,,Out,Did Not Participate In Practice,
2026,2,WAS,Chris Paul,G,,,,Full Participation in Practice,
2026,2,WAS,Daron Payne,DT,,,,Full Participation in Practice,
2026,2,WAS,Dorance Armstrong,LB,,,,Limited Participation in Practice,
2026,2,WAS,Frankie Luvu,LB,Groin,,Out,Did Not Participate In Practice,
2026,2,WAS,Javon Kinlaw,DT,Back,,Questionable,Limited Participation in Practice,
2026,2,WAS,Jaylin Lane,WR,,,,Limited Participation in Practice,
2026,2,WAS,K'Lavon Chaisson,LB,,,,Limited Participation in Practice,
2026,2,WAS,Kaytron Allen,RB,,,,Full Participation in Practice,
2026,2,WAS,Odafe Oweh,LB,,,,Limited Participation in Practice,
2026,2,WAS,Tyler Owens,S,,,,Full Participation in Practice,
2026,1,ARI,Blake Gillikin,P,,,,Full Participation in Practice,
2026,1,ARI,Dadrion Taylor-Demerson,S,Ribs,,Out,Did Not Participate In Practice,
2026,1,ARI,Garrett Williams,CB,Achilles,,Out,Limited Participation in Practice,
2026,1,ARI,Isaiah Adams,G,Knee,,Out,Did Not Participate In Practice,
2026,1,ARI,Jeremiyah Love,RB,Ankle,,Questionable,Limited Participation in Practice,
2026,1,ARI,Josh Sweat,LB,,,,Full Participation in Practice,
2026,1,ARI,Will Johnson,CB,,,,Full Participation in Practice,
2026,1,ATL,Billy Bowman Jr.,CB,Achilles,,Out,Limited Participation in Practice,
2026,1,ATL,Brandon Dorlus,DT,,,,Full Participation in Practice,
2026,1,ATL,Cameron Williams,T,Ankle,,Out,Did Not Participate In Practice,
2026,1,ATL,Da'Shawn Hand,DT,,,,Full Participation in Practice,
2026,1,ATL,Jake Matthews,T,,,,Did Not Participate In Practice,
2026,1,ATL,Jawaan Taylor,T,,,,Full Participation in Practice,
2026,1,ATL,Kendal Daniels,LB,,,,Full Participation in Practice,
2026,1,ATL,Kyle Hinton,G,,,,Full Participation in Practice,
2026,1,ATL,Michael Penix Jr.,QB,Knee,,Out,Full Participation in Practice,
2026,1,ATL,Tua Tagovailoa,QB,Oblique,,Out,Did Not Participate In Practice,
2026,1,ATL,Za'Darius Smith,DE,Shoulder,,Questionable,Full Participation in Practice,
2026,1,ATL,Zachariah Branch,WR,,,,Full Participation in Practice,
2026,1,BAL,Calais Campbell,DE,,,,Did Not Participate In Practice,
2026,1,BAL,Devontez Walker,WR,Groin,,Questionable,Limited Participation in Practice,
2026,1,BAL,Nnamdi Madubuike,DT,Neck,,Out,Limited Participation in Practice,
2026,1,BAL,Teddye Buchanan,LB,Knee,,Out,Limited Participation in Practice,
2026,1,BAL,Zay Flowers,WR,,,,Full Participation in Practice,
2026,1,BUF,Jordan Hancock,CB,Quadricep,,Questionable,Full Participation in Practice,
2026,1,BUF,T.J. Sanders,DE,Knee,,Questionable,Limited Participation in Practice,
2026,1,BUF,Ty Johnson,RB,Hamstring,,Questionable,Limited Participation in Practice,
2026,1,CAR,Bobby Brown III,DT,,,,Full Participation in Practice,
2026,1,CAR,Jonathon Brooks,RB,,,,Full Participation in Practice,
2026,1,CAR,Patrick Jones II,LB,Back,,Out,Did Not Participate In Practice,
2026,1,CHI,Grady Jarrett,DT,,,,Full Participation in Practice,
2026,1,CHI,Joe Thuney,G,,,,Full Participation in Practice,
2026,1,CHI,Ozzy Trapilo,T,Knee,,Questionable,Limited Participation in Practice,
2026,1,CHI,Rome Odunze,WR,Calf,,Questionable,Limited Participation in Practice,
2026,1,CHI,Tyson Bagent,QB,Back,,Questionable,Did Not Participate In Practice,
2026,1,CHI,Xavier Woods,S,Groin,,Questionable,Limited Participation in Practice,
2026,1,CIN,B.J. Hill,DT,,,,Full Participation in Practice,
2026,1,CIN,DJ Turner II,CB,,,,Limited Participation in Practice,
2026,1,CIN,Dexter Lawrence,DT,,,,Did Not Participate In Practice,
2026,1,CIN,Ja'Marr Chase,WR,,,,Did Not Participate In Practice,
2026,1,CIN,Jonathan Allen,DT,,,,Full Participation in Practice,
2026,1,CIN,Shemar Stewart,DE,Knee,,Doubtful,Did Not Participate In Practice,
2026,1,CIN,Tee Higgins,WR,,,,Full Participation in Practice,
2026,1,CLE,Carson Schwesinger,LB,,,,Full Participation in Practice,
2026,1,CLE,Maliek Collins,DT,,,,Limited Participation in Practice,
2026,1,CLE,Parker Brailsford,C,Thumb,,Questionable,Limited Participation in Practice,
2026,1,CLE,Teven Jenkins,G,Back,,Out,Did Not Participate In Practice,
2026,1,DAL,Ajani Cornelius,T,,,,Full Participation in Practice,
2026,1,DAL,Jonathan Bullard,DT,,,,Full Participation in Practice,
2026,1,DAL,Luke Schoonmaker,TE,,,,Did Not Participate In Practice,
2026,1,DAL,Malik Davis,RB,Hip,,Out,Limited Participation in Practice,
2026,1,DEN,Marvin Mims Jr.,WR,,,,Full Participation in Practice,
2026,1,DET,Christian Izien,S,Groin,,Questionable,Limited Participation in Practice,
2026,1,DET,Derrick Moore,DE,,,,Full Participation in Practice,
2026,1,DET,Ennis Rakestraw Jr.,CB,,,,Full Participation in Practice,
2026,1,DET,Jimmy Rolder,LB,,,,Full Participation in Practice,
2026,1,DET,Keith Abney II,CB,,,,Full Participation in Practice,
2026,1,DET,Mekhi Wingo,DT,,,,Full Participation in Practice,
2026,1,DET,Thomas Harper,S,,,,Full Participation in Practice,
2026,1,DET,Trevor Nowaske,LB,,,,Full Participation in Practice,
2026,1,GB,Aaron Banks,G,Knee,,Questionable,Limited Participation in Practice,
2026,1,GB,Barryn Sorrell,LB,,,,Limited Participation in Practice,
2026,1,GB,Devonte Wyatt,DT,,,,Limited Participation in Practice,
2026,1,GB,Javon Hargrave,DT,,,,Limited Participation in Practice,
2026,1,GB,Jordan Morgan,T,,,,Full Participation in Practice,
2026,1,GB,Ty'Ron Hopper,LB,Achilles,,Questionable,Limited Participation in Practice,
2026,1,GB,Warren Brinson,DT,Calf,,Out,Did Not Participate In Practice,
2026,1,GB,Zach Bako-Bewele,T,Knee,,Questionable,Limited Participation in Practice,
2026,1,HOU,Kayden McDonald,DT,,,,Did Not Participate In Practice,
2026,1,HOU,Trent Brown,T,,,,Full Participation in Practice,
2026,1,HOU,Wade Woodaz,LB,,,,Full Participation in Practice,
2026,1,HOU,Will Anderson Jr.,DE,,,,Did Not Participate In Practice,
2026,1,IND,A.J. Haulcy,S,,,,Full Participation in Practice,
2026,1,IND,Alec Pierce,WR,,,,Limited Participation in Practice,
2026,1,IND,Andrew Ogletree,TE,,,,Full Participation in Practice,
2026,1,IND,Anthony Richardson,QB,,,,Full Participation in Practice,
2026,1,IND,Austin Ajiake,LB,Hamstring,,Out,Did Not Participate In Practice,
2026,1,IND,Charvarius Ward,CB,,,,Limited Participation in Practice,
2026,1,IND,DeForest Buckner,DT,,,,Did Not Participate In Practice,
2026,1,IND,Grover Stewart,DT,,,,Full Participation in Practice,
2026,1,IND,Sedrick Van Pran-Granger,C,,,,Full Participation in Practice,
2026,1,JAX,Anton Harrison,T,,,,Did Not Participate In Practice,
2026,1,JAX,Cole Van Lanen,T,,,,Limited Participation in Practice,
2026,1,JAX,Jakobi Meyers,WR,,,,Limited Participation in Practice,
2026,1,JAX,LeQuint Allen Jr.,RB,Hip,,Questionable,Limited Participation in Practice,
2026,1,KC,Ashton Gillotte,DE,,,,Full Participation in Practice,
2026,1,KC,Chamarri Conner,S,Knee,,Out,Did Not Participate In Practice,
2026,1,KC,Chris Jones,DT,,,,Did Not Participate In Practice,
2026,1,KC,Jack Cochrane,LB,,,,Full Participation in Practice,
2026,1,KC,Josh Simmons,T,Back,,Out,Did Not Participate In Practice,
2026,1,KC,L'Jarius Sneed,CB,,,,Limited Participation in Practice,
2026,1,KC,Patrick Mahomes,QB,,,,Full Participation in Practice,
2026,1,KC,R Mason Thomas,DE,,,,Full Participation in Practice,
2026,1,KC,Rashee Rice,WR,,,,Full Participation in Practice,
2026,1,KC,Trey Smith,G,,,,Full Participation in Practice,
2026,1,KC,Xavier Worthy,WR,,,,Full Participation in Practice,
2026,1,LA,Aaron Donald,DE,Not injury related - resting player,,Out,Did Not Participate In Practice,
2026,1,LA,Alaric Jackson,T,,,,Full Participation in Practice,
2026,1,LA,Byron Young,LB,,,,Full Participation in Practice,
2026,1,LA,Grant Stuard,LB,,,,Full Participation in Practice,
2026,1,LA,Jaylen Watson,CB,,,,Full Participation in Practice,
2026,1,LA,Myles Garrett,LB,,,,Full Participation in Practice,
2026,1,LA,Tyler Higbee,TE,,,,Full Participation in Practice,
2026,1,LAC,Brenen Thompson,WR,,,,Full Participation in Practice,
2026,1,LAC,Deane Leonard,CB,Abdomen,,Out,Did Not Participate In Practice,
2026,1,LAC,Keaton Mitchell,RB,,,,Full Participation in Practice,
2026,1,LAC,Khalil Mack,DE,,,,Full Participation in Practice,
2026,1,LAC,R.J. Mickens,S,,,,Full Participation in Practice,
2026,1,LAC,Tuli Tuipulotu,DE,Hip,,Questionable,Limited Participation in Practice,
2026,1,LV,Ashton Jeanty,RB,,,,Full Participation in Practice,
2026,1,LV,Brock Bowers,TE,Knee,,Out,Did Not Participate In Practice,
2026,1,MIA,Dante Trader Jr.,S,,,,Full Participation in Practice,
2026,1,MIA,Ronnie Harrison,LB,,,,Full Participation in Practice,
2026,1,MIA,Seydou Traore,TE,,,,Full Participation in Practice,
2026,1,MIA,Will Kacmarek,TE,,,,Full Participation in Practice,
2026,1,MIN,Caleb Tiernan,T,,,,Full Participation in Practice,
2026,1,MIN,Christian Darrisaw,T,,,,Did Not Participate In Practice,
2026,1,MIN,Harrison Smith,S,,,,Limited Participation in Practice,
2026,1,MIN,Jacob Thomas,S,,,,Full Participation in Practice,
2026,1,MIN,Jakobe Thomas,S,,,,Full Participation in Practice,
2026,1,NE,Ben Brown,C,Knee,,Out,Did Not Participate In Practice,
2026,1,NE,Christian Barmore,DT,,,,Full Participation in Practice,
2026,1,NE,TreVeyon Henderson,RB,Ankle,,Out,Did Not Participate In Practice,
2026,1,NO,Alvin Kamara,RB,Knee,,Questionable,Full Participation in Practice,
2026,1,NO,Audric Estimé,RB,Thigh,,Out,Did Not Participate In Practice,
2026,1,NO,Cameron Jordan,LB,Hamstring,,Out,Limited Participation in Practice,
2026,1,NO,Davon Godchaux,DT,,,,Full Participation in Practice,
2026,1,NO,Oscar Delp,TE,Hamstring,,Out,Did Not Participate In Practice,
2026,1,NYG,Andrew Thomas,T,,,,Full Participation in Practice,
2026,1,NYG,Bryan Hudson,C,,,,Full Participation in Practice,
2026,1,NYG,Malik Nabers,WR,Knee,,Questionable,Full Participation in Practice,
2026,1,NYG,Patrick Ricard,FB,,,,Full Participation in Practice,
2026,1,NYG,Shelby Harris,DT,,,,Full Participation in Practice,
2026,1,NYG,Theo Johnson,TE,,,,Full Participation in Practice,
2026,1,NYJ,Breece Hall,RB,,,,Full Participation in Practice,
2026,1,NYJ,D'Angelo Ponds,CB,Calf,,Doubtful,Limited Participation in Practice,
2026,1,NYJ,Isaiah Davis,RB,,,,Full Participation in Practice,
2026,1,NYJ,Joseph Ossai,DE,Foot,,Out,Did Not Participate In Practice,
2026,1,NYJ,Kene Nwangwu,RB,Back,,Doubtful,Did Not Participate In Practice,
2026,1,NYJ,Kenyon Sadiq,TE,,,,Full Participation in Practice,
2026,1,NYJ,Tim Patrick,WR,Groin,,Out,Did Not Participate In Practice,
2026,1,PHI,Eli Stowers,TE,Hamstring,Quadricep,Out,Limited Participation in Practice,
2026,1,PHI,Jonathan Greenard,LB,Pectoral,,Out,Limited Participation in Practice,
2026,1,PIT,Joey Porter Jr.,CB,Back,,Questionable,Limited Participation in Practice,
2026,1,SEA,AJ Barner,TE,,,,Full Participation in Practice,
2026,1,SEA,Anthony Bradford,G,,,,Full Participation in Practice,
2026,1,SEA,Emanuel Wilson,RB,,,,Full Participation in Practice,
2026,1,SEA,Josh Jones,T,,,,Limited Participation in Practice,
2026,1,SEA,Julian Neal,CB,,,,Full Participation in Practice,
2026,1,SEA,Nick Emmanwori,S,Ankle,,Questionable,Limited Participation in Practice,
2026,1,SEA,Tory Horton,WR,Hamstring,,Questionable,Limited Participation in Practice,
2026,1,SEA,Ty Okada,S,Hamstring,,Out,Did Not Participate In Practice,
2026,1,SF,Alfred Collins,DT,Knee,,Out,Did Not Participate In Practice,
2026,1,SF,Dre Greenlaw,LB,,,,Full Participation in Practice,
2026,1,SF,George Kittle,TE,,,,Limited Participation in Practice,
2026,1,SF,Gracen Halton,DT,,,,Full Participation in Practice,
2026,1,SF,James Thompson Jr.,DT,Hamstring,,Questionable,Limited Participation in Practice,
2026,1,SF,Kyle Juszczyk,FB,,,,Limited Participation in Practice,
2026,1,SF,Luke Gifford,LB,,,,Full Participation in Practice,
2026,1,SF,Nick Bosa,DE,,,,Limited Participation in Practice,
2026,1,SF,Renardo Green,CB,,,,Full Participation in Practice,
2026,1,SF,Romello Height,DE,,,,Full Participation in Practice,
2026,1,SF,Upton Stout,CB,,,,Full Participation in Practice,
2026,1,TB,Billy Schrauth,G,,,,Full Participation in Practice,
2026,1,TB,Christian Rozeboom,LB,Foot,,Questionable,Limited Participation in Practice,
2026,1,TB,Emeka Egbuka,WR,,,,Full Participation in Practice,
2026,1,TB,Jalen McMillan,WR,Knee,,Doubtful,Limited Participation in Practice,
2026,1,TB,Justin Skule,T,Oblique,,Doubtful,Limited Participation in Practice,
2026,1,TB,Rueben Bain Jr.,LB,,,,Full Participation in Practice,
2026,1,TB,Sean Tucker,RB,Hamstring,,Doubtful,Limited Participation in Practice,
2026,1,TEN,Cedric Gray,LB,Concussion,,Out,Did Not Participate In Practice,
2026,1,TEN,Keldric Faulk,DE,,,,Full Participation in Practice,
2026,1,WAS,Ben Sinnott,TE,,,,Full Participation in Practice,
2026,1,WAS,Charles Omenihu,DE,,,,Full Participation in Practice,
2026,1,WAS,Daron Payne,DT,,,,Limited Participation in Practice,
2026,1,WAS,Jacory Croskey-Merritt,RB,,,,Limited Participation in Practice,
2026,1,WAS,Javon Kinlaw,DT,,,,Full Participation in Practice,
2026,1,WAS,Jordan Magee,LB,,,,Full Participation in Practice,
2026,1,WAS,K'Lavon Chaisson,LB,,,,Limited Participation in Practice,
2026,1,WAS,Marcus Mariota,QB,,,,Full Participation in Practice,
2026,1,WAS,Nick Allegretti,C,,,,Full Participation in Practice,
2026,1,WAS,Odafe Oweh,LB,,,,Limited Participation in Practice,
